event_name,event_date,fighter_red,fighter_blue,red_open,blue_open,red_close_low,red_close_high,blue_close_low,blue_close_high,red_open_decimal,blue_open_decimal,red_bfo_url,blue_bfo_url,bfo_event_date,bfo_event_url,match_status,odds_source,scraped_at_utc
UFC 330: Makhachev vs. Machado Garry,2026-08-15,Islam Makhachev,Ian Machado Garry,-400,+330,-330,-330,+280,+280,1.25,4.3,https://www.bestfightodds.com/fighters/islam-makhachev-5541,https://www.bestfightodds.com/fighters/ian-machado-garry-15690,2026-08-15,,matched,BestFightOdds,2026-08-17T07:46:23.692754+00:00
UFC 330: Makhachev vs. Machado Garry,2026-08-15,Mackenzie Dern,Gillian Robertson,-211,+181,-188,-188,+203,+203,1.4739336492890995,2.81,https://www.bestfightodds.com/fighters/mackenzie-dern-6488,https://www.bestfightodds.com/fighters/gillian-robertson-7784,2026-08-15,,matched,BestFightOdds,2026-08-17T07:46:24.376233+00:00
UFC 330: Makhachev vs. Machado Garry,2026-08-15,Jalin Turner,Kaue Fernandes,-200,+174,-112,-112,+104,+104,1.5,2.74,https://www.bestfightodds.com/fighters/jalin-turner-6854,https://www.bestfightodds.com/fighters/kaue-fernandes-11734,2026-08-15,,matched,BestFightOdds,2026-08-17T07:46:25.044092+00:00
UFC 330: Makhachev vs. Machado Garry,2026-08-15,Mansur Abdul-Malik,Dustin Stoltzfus,-650,+476,-649,-649,+550,+550,1.1538461538461537,5.76,https://www.bestfightodds.com/fighters/mansur-abdul-malik-12720,https://www.bestfightodds.com/fighters/dustin-stoltzfus-10214,2026-08-15,,matched,BestFightOdds,2026-08-17T07:46:25.707553+00:00
UFC 330: Makhachev vs. Machado Garry,2026-08-15,Edson Barboza,Esteban Ribovics,+245,-300,+561,+561,-649,-649,3.45,1.3333333333333333,https://www.bestfightodds.com/fighters/edson-barboza-2099,https://www.bestfightodds.com/fighters/esteban-ribovics-14245,2026-08-15,,matched,BestFightOdds,2026-08-17T07:46:26.452703+00:00
UFC 330: Makhachev vs. Machado Garry,2026-08-15,Chidi Njokuani,Joel Alvarez,+245,-300,+300,+300,-333,-333,3.45,1.3333333333333333,https://www.bestfightodds.com/fighters/chidi-njokuani-2452,https://www.bestfightodds.com/fighters/joel-alvarez-8910,2026-08-15,,matched,BestFightOdds,2026-08-17T07:46:27.128105+00:00
UFC 330: Makhachev vs. Machado Garry,2026-08-15,Charles Johnson,Eduardo Chapolin,,,,,,,,,https://www.bestfightodds.com/fighters/charles-johnson-7494,https://www.bestfightodds.com/fighters/eduardo-chapolin-19784,,,no_match,BestFightOdds,2026-08-17T07:46:28.472127+00:00
UFC 330: Makhachev vs. Machado Garry,2026-08-15,Donte Johnson,Eric McConico,-225,+189,-300,-300,+290,+290,1.4444444444444444,2.8899999999999997,https://www.bestfightodds.com/fighters/donte-johnson-19752,https://www.bestfightodds.com/fighters/eric-mcconico-15806,2026-08-15,,matched,BestFightOdds,2026-08-17T07:46:29.130424+00:00
UFC 330: Makhachev vs. Machado Garry,2026-08-15,Vicente Luque,Tresean Gore,-110,-110,-105,-105,-110,-110,1.9090909090909092,1.9090909090909092,https://www.bestfightodds.com/fighters/vicente-luque-5744,https://www.bestfightodds.com/fighters/tresean-gore-12266,2026-08-15,,matched,BestFightOdds,2026-08-17T07:46:29.893960+00:00
UFC 330: Makhachev vs. Machado Garry,2026-08-15,Rafael Tobias,Lucas Fernando,+177,-205,+250,+250,-275,-275,2.77,1.4878048780487805,https://www.bestfightodds.com/fighters/rafael-tobias-16116,https://www.bestfightodds.com/fighters/lucas-fernando-11739,2026-08-15,,matched,BestFightOdds,2026-08-17T07:46:30.556316+00:00
UFC 330: Makhachev vs. Machado Garry,2026-08-15,Neil Magny,Ramiz Brahimaj,+105,-125,+135,+135,-148,-148,2.05,1.8,https://www.bestfightodds.com/fighters/neil-magny-3807,https://www.bestfightodds.com/fighters/ramiz-brahimaj-7724,2026-08-15,,matched,BestFightOdds,2026-08-17T07:46:31.310582+00:00
UFC 330: Makhachev vs. Machado Garry,2026-08-15,Jeremiah Wells,Myktybek Orolbai,+263,-325,+950,+950,-1000,-1000,3.63,1.3076923076923077,https://www.bestfightodds.com/fighters/jeremiah-wells-8059,https://www.bestfightodds.com/fighters/myktybek-orolbai-16276,2026-08-15,,matched,BestFightOdds,2026-08-17T07:46:31.986745+00:00
UFC 330: Makhachev vs. Machado Garry,2026-08-15,Islam Makhachev,Ian Machado Garry,-400,+330,-330,-330,+280,+280,1.25,4.3,https://www.bestfightodds.com/fighters/islam-makhachev-5541,https://www.bestfightodds.com/fighters/ian-machado-garry-15690,2026-08-15,,matched,BestFightOdds,2026-08-19T07:32:59.839592+00:00
UFC 330: Makhachev vs. Machado Garry,2026-08-15,Mackenzie Dern,Gillian Robertson,-211,+181,-188,-188,+203,+203,1.4739336492890995,2.81,https://www.bestfightodds.com/fighters/mackenzie-dern-6488,https://www.bestfightodds.com/fighters/gillian-robertson-7784,2026-08-15,,matched,BestFightOdds,2026-08-19T07:33:00.402093+00:00
UFC 330: Makhachev vs. Machado Garry,2026-08-15,Jalin Turner,Kaue Fernandes,-200,+174,-112,-112,+104,+104,1.5,2.74,https://www.bestfightodds.com/fighters/jalin-turner-6854,https://www.bestfightodds.com/fighters/kaue-fernandes-11734,2026-08-15,,matched,BestFightOdds,2026-08-19T07:33:00.960857+00:00
UFC 330: Makhachev vs. Machado Garry,2026-08-15,Mansur Abdul-Malik,Dustin Stoltzfus,-650,+476,-649,-649,+550,+550,1.1538461538461537,5.76,https://www.bestfightodds.com/fighters/mansur-abdul-malik-12720,https://www.bestfightodds.com/fighters/dustin-stoltzfus-10214,2026-08-15,,matched,BestFightOdds,2026-08-19T07:33:01.545549+00:00
UFC 330: Makhachev vs. Machado Garry,2026-08-15,Edson Barboza,Esteban Ribovics,+245,-300,+561,+561,-649,-649,3.45,1.3333333333333333,https://www.bestfightodds.com/fighters/edson-barboza-2099,https://www.bestfightodds.com/fighters/esteban-ribovics-14245,2026-08-15,,matched,BestFightOdds,2026-08-19T07:33:02.190684+00:00
UFC 330: Makhachev vs. Machado Garry,2026-08-15,Chidi Njokuani,Joel Alvarez,+245,-300,+300,+300,-333,-333,3.45,1.3333333333333333,https://www.bestfightodds.com/fighters/chidi-njokuani-2452,https://www.bestfightodds.com/fighters/joel-alvarez-8910,2026-08-15,,matched,BestFightOdds,2026-08-19T07:33:02.775019+00:00
UFC 330: Makhachev vs. Machado Garry,2026-08-15,Charles Johnson,Eduardo Chapolin,,,,,,,,,https://www.bestfightodds.com/fighters/charles-johnson-7494,https://www.bestfightodds.com/fighters/eduardo-chapolin-19784,,,no_match,BestFightOdds,2026-08-19T07:33:03.916724+00:00
UFC 330: Makhachev vs. Machado Garry,2026-08-15,Donte Johnson,Eric McConico,-225,+189,-300,-300,+290,+290,1.4444444444444444,2.8899999999999997,https://www.bestfightodds.com/fighters/donte-johnson-19752,https://www.bestfightodds.com/fighters/eric-mcconico-15806,2026-08-15,,matched,BestFightOdds,2026-08-19T07:33:04.477789+00:00
UFC 330: Makhachev vs. Machado Garry,2026-08-15,Vicente Luque,Tresean Gore,-110,-110,-105,-105,-110,-110,1.9090909090909092,1.9090909090909092,https://www.bestfightodds.com/fighters/vicente-luque-5744,https://www.bestfightodds.com/fighters/tresean-gore-12266,2026-08-15,,matched,BestFightOdds,2026-08-19T07:33:05.108386+00:00
UFC 330: Makhachev vs. Machado Garry,2026-08-15,Rafael Tobias,Lucas Fernando,+177,-205,+250,+250,-275,-275,2.77,1.4878048780487805,https://www.bestfightodds.com/fighters/rafael-tobias-16116,https://www.bestfightodds.com/fighters/lucas-fernando-11739,2026-08-15,,matched,BestFightOdds,2026-08-19T07:33:05.697264+00:00
UFC 330: Makhachev vs. Machado Garry,2026-08-15,Neil Magny,Ramiz Brahimaj,+105,-125,+135,+135,-148,-148,2.05,1.8,https://www.bestfightodds.com/fighters/neil-magny-3807,https://www.bestfightodds.com/fighters/ramiz-brahimaj-7724,2026-08-15,,matched,BestFightOdds,2026-08-19T07:33:06.331786+00:00
UFC 330: Makhachev vs. Machado Garry,2026-08-15,Jeremiah Wells,Myktybek Orolbai,+263,-325,+950,+950,-1000,-1000,3.63,1.3076923076923077,https://www.bestfightodds.com/fighters/jeremiah-wells-8059,https://www.bestfightodds.com/fighters/myktybek-orolbai-16276,2026-08-15,,matched,BestFightOdds,2026-08-19T07:33:06.909552+00:00
UFC 330: Makhachev vs. Machado Garry,2026-08-15,Islam Makhachev,Ian Machado Garry,-400,+330,-330,-330,+280,+280,1.25,4.3,https://www.bestfightodds.com/fighters/islam-makhachev-5541,https://www.bestfightodds.com/fighters/ian-machado-garry-15690,2026-08-15,,matched,BestFightOdds,2026-08-21T07:37:20.723266+00:00
UFC 330: Makhachev vs. Machado Garry,2026-08-15,Mackenzie Dern,Gillian Robertson,-211,+181,-188,-188,+203,+203,1.4739336492890995,2.81,https://www.bestfightodds.com/fighters/mackenzie-dern-6488,https://www.bestfightodds.com/fighters/gillian-robertson-7784,2026-08-15,,matched,BestFightOdds,2026-08-21T07:37:21.306855+00:00
UFC 330: Makhachev vs. Machado Garry,2026-08-15,Jalin Turner,Kaue Fernandes,-200,+174,-112,-112,+104,+104,1.5,2.74,https://www.bestfightodds.com/fighters/jalin-turner-6854,https://www.bestfightodds.com/fighters/kaue-fernandes-11734,2026-08-15,,matched,BestFightOdds,2026-08-21T07:37:21.909634+00:00
UFC 330: Makhachev vs. Machado Garry,2026-08-15,Mansur Abdul-Malik,Dustin Stoltzfus,-650,+476,-649,-649,+550,+550,1.1538461538461537,5.76,https://www.bestfightodds.com/fighters/mansur-abdul-malik-12720,https://www.bestfightodds.com/fighters/dustin-stoltzfus-10214,2026-08-15,,matched,BestFightOdds,2026-08-21T07:37:22.476739+00:00
UFC 330: Makhachev vs. Machado Garry,2026-08-15,Edson Barboza,Esteban Ribovics,+245,-300,+561,+561,-649,-649,3.45,1.3333333333333333,https://www.bestfightodds.com/fighters/edson-barboza-2099,https://www.bestfightodds.com/fighters/esteban-ribovics-14245,2026-08-15,,matched,BestFightOdds,2026-08-21T07:37:23.089472+00:00
UFC 330: Makhachev vs. Machado Garry,2026-08-15,Chidi Njokuani,Joel Alvarez,+245,-300,+300,+300,-333,-333,3.45,1.3333333333333333,https://www.bestfightodds.com/fighters/chidi-njokuani-2452,https://www.bestfightodds.com/fighters/joel-alvarez-8910,2026-08-15,,matched,BestFightOdds,2026-08-21T07:37:23.683795+00:00
UFC 330: Makhachev vs. Machado Garry,2026-08-15,Charles Johnson,Eduardo Chapolin,,,,,,,,,https://www.bestfightodds.com/fighters/charles-johnson-7494,https://www.bestfightodds.com/fighters/eduardo-chapolin-19784,,,no_match,BestFightOdds,2026-08-21T07:37:24.826412+00:00
UFC 330: Makhachev vs. Machado Garry,2026-08-15,Donte Johnson,Eric McConico,-225,+189,-300,-300,+290,+290,1.4444444444444444,2.8899999999999997,https://www.bestfightodds.com/fighters/donte-johnson-19752,https://www.bestfightodds.com/fighters/eric-mcconico-15806,2026-08-15,,matched,BestFightOdds,2026-08-21T07:37:25.397721+00:00
UFC 330: Makhachev vs. Machado Garry,2026-08-15,Vicente Luque,Tresean Gore,-110,-110,-105,-105,-110,-110,1.9090909090909092,1.9090909090909092,https://www.bestfightodds.com/fighters/vicente-luque-5744,https://www.bestfightodds.com/fighters/tresean-gore-12266,2026-08-15,,matched,BestFightOdds,2026-08-21T07:37:26.030061+00:00
UFC 330: Makhachev vs. Machado Garry,2026-08-15,Rafael Tobias,Lucas Fernando,+177,-205,+250,+250,-275,-275,2.77,1.4878048780487805,https://www.bestfightodds.com/fighters/rafael-tobias-16116,https://www.bestfightodds.com/fighters/lucas-fernando-11739,2026-08-15,,matched,BestFightOdds,2026-08-21T07:37:26.593229+00:00
UFC 330: Makhachev vs. Machado Garry,2026-08-15,Neil Magny,Ramiz Brahimaj,+105,-125,+135,+135,-148,-148,2.05,1.8,https://www.bestfightodds.com/fighters/neil-magny-3807,https://www.bestfightodds.com/fighters/ramiz-brahimaj-7724,2026-08-15,,matched,BestFightOdds,2026-08-21T07:37:27.215073+00:00
UFC 330: Makhachev vs. Machado Garry,2026-08-15,Jeremiah Wells,Myktybek Orolbai,+263,-325,+950,+950,-1000,-1000,3.63,1.3076923076923077,https://www.bestfightodds.com/fighters/jeremiah-wells-8059,https://www.bestfightodds.com/fighters/myktybek-orolbai-16276,2026-08-15,,matched,BestFightOdds,2026-08-21T07:37:27.787239+00:00
UFC 330: Makhachev vs. Machado Garry,2026-08-15,Islam Makhachev,Ian Machado Garry,-400,+330,-330,-330,+280,+280,1.25,4.3,https://www.bestfightodds.com/fighters/islam-makhachev-5541,https://www.bestfightodds.com/fighters/ian-machado-garry-15690,2026-08-15,,matched,BestFightOdds,2026-08-23T07:28:06.822342+00:00
UFC 330: Makhachev vs. Machado Garry,2026-08-15,Mackenzie Dern,Gillian Robertson,-211,+181,-188,-188,+203,+203,1.4739336492890995,2.81,https://www.bestfightodds.com/fighters/mackenzie-dern-6488,https://www.bestfightodds.com/fighters/gillian-robertson-7784,2026-08-15,,matched,BestFightOdds,2026-08-23T07:28:07.518123+00:00
UFC 330: Makhachev vs. Machado Garry,2026-08-15,Jalin Turner,Kaue Fernandes,-200,+174,-112,-112,+104,+104,1.5,2.74,https://www.bestfightodds.com/fighters/jalin-turner-6854,https://www.bestfightodds.com/fighters/kaue-fernandes-11734,2026-08-15,,matched,BestFightOdds,2026-08-23T07:28:08.190811+00:00
UFC 330: Makhachev vs. Machado Garry,2026-08-15,Mansur Abdul-Malik,Dustin Stoltzfus,-650,+476,-649,-649,+550,+550,1.1538461538461537,5.76,https://www.bestfightodds.com/fighters/mansur-abdul-malik-12720,https://www.bestfightodds.com/fighters/dustin-stoltzfus-10214,2026-08-15,,matched,BestFightOdds,2026-08-23T07:28:08.854011+00:00
UFC 330: Makhachev vs. Machado Garry,2026-08-15,Edson Barboza,Esteban Ribovics,+245,-300,+561,+561,-649,-649,3.45,1.3333333333333333,https://www.bestfightodds.com/fighters/edson-barboza-2099,https://www.bestfightodds.com/fighters/esteban-ribovics-14245,2026-08-15,,matched,BestFightOdds,2026-08-23T07:28:09.634350+00:00
UFC 330: Makhachev vs. Machado Garry,2026-08-15,Chidi Njokuani,Joel Alvarez,+245,-300,+300,+300,-333,-333,3.45,1.3333333333333333,https://www.bestfightodds.com/fighters/chidi-njokuani-2452,https://www.bestfightodds.com/fighters/joel-alvarez-8910,2026-08-15,,matched,BestFightOdds,2026-08-23T07:28:10.337208+00:00
UFC 330: Makhachev vs. Machado Garry,2026-08-15,Charles Johnson,Eduardo Chapolin,,,,,,,,,https://www.bestfightodds.com/fighters/charles-johnson-7494,https://www.bestfightodds.com/fighters/eduardo-chapolin-19784,,,no_match,BestFightOdds,2026-08-23T07:28:11.736459+00:00
UFC 330: Makhachev vs. Machado Garry,2026-08-15,Donte Johnson,Eric McConico,-225,+189,-300,-300,+290,+290,1.4444444444444444,2.8899999999999997,https://www.bestfightodds.com/fighters/donte-johnson-19752,https://www.bestfightodds.com/fighters/eric-mcconico-15806,2026-08-15,,matched,BestFightOdds,2026-08-23T07:28:12.420582+00:00
UFC 330: Makhachev vs. Machado Garry,2026-08-15,Vicente Luque,Tresean Gore,-110,-110,-105,-105,-110,-110,1.9090909090909092,1.9090909090909092,https://www.bestfightodds.com/fighters/vicente-luque-5744,https://www.bestfightodds.com/fighters/tresean-gore-12266,2026-08-15,,matched,BestFightOdds,2026-08-23T07:28:13.224307+00:00
UFC 330: Makhachev vs. Machado Garry,2026-08-15,Rafael Tobias,Lucas Fernando,+177,-205,+250,+250,-275,-275,2.77,1.4878048780487805,https://www.bestfightodds.com/fighters/rafael-tobias-16116,https://www.bestfightodds.com/fighters/lucas-fernando-11739,2026-08-15,,matched,BestFightOdds,2026-08-23T07:28:13.886258+00:00
UFC 330: Makhachev vs. Machado Garry,2026-08-15,Neil Magny,Ramiz Brahimaj,+105,-125,+135,+135,-148,-148,2.05,1.8,https://www.bestfightodds.com/fighters/neil-magny-3807,https://www.bestfightodds.com/fighters/ramiz-brahimaj-7724,2026-08-15,,matched,BestFightOdds,2026-08-23T07:28:14.666185+00:00
UFC 330: Makhachev vs. Machado Garry,2026-08-15,Jeremiah Wells,Myktybek Orolbai,+263,-325,+950,+950,-1000,-1000,3.63,1.3076923076923077,https://www.bestfightodds.com/fighters/jeremiah-wells-8059,https://www.bestfightodds.com/fighters/myktybek-orolbai-16276,2026-08-15,,matched,BestFightOdds,2026-08-23T07:28:15.326685+00:00
UFC Fight Night: Nurmagomedov vs. Song,2026-08-29,Umar Nurmagomedov,Song Yadong,-700,+525,-455,-455,+400,+400,1.1428571428571428,6.25,https://www.bestfightodds.com/fighters/umar-nurmagomedov-9365,https://www.bestfightodds.com/fighters/song-yadong-9482,2026-08-29,,matched,BestFightOdds,2026-08-23T14:55:41.449529+00:00
UFC Fight Night: Nurmagomedov vs. Song,2026-08-29,Yan Xiaonan,Denise Gomes,-130,+110,-138,-138,+138,+138,1.7692307692307692,2.1,https://www.bestfightodds.com/fighters/yan-xiaonan-9553,https://www.bestfightodds.com/fighters/denise-gomes-13433,2026-08-29,,matched,BestFightOdds,2026-08-23T14:55:42.317678+00:00
UFC Fight Night: Nurmagomedov vs. Song,2026-08-29,Aoriqileng,Kai Asakura,+250,-300,+350,+350,-400,-400,3.5,1.3333333333333333,https://www.bestfightodds.com/fighters/aoriqileng-16506,https://www.bestfightodds.com/fighters/kai-asakura-7765,2026-08-29,,matched,BestFightOdds,2026-08-23T14:55:43.382274+00:00
UFC Fight Night: Nurmagomedov vs. Song,2026-08-29,Alex Perez,Sumudaerji,,,,,,,,,https://www.bestfightodds.com/fighters/alex-perez-2459,https://www.bestfightodds.com/fighters/sumudaerji-sumudaerji-8746,,,no_match,BestFightOdds,2026-08-23T14:55:45.322284+00:00
UFC Fight Night: Nurmagomedov vs. Song,2026-08-29,Liu Ce,Junior Tafa,,,,,,,,,https://www.bestfightodds.com/fighters/liu-ce-17339,https://www.bestfightodds.com/fighters/junior-tafa-14832,,,no_match,BestFightOdds,2026-08-23T14:55:47.012628+00:00
UFC Fight Night: Nurmagomedov vs. Song,2026-08-29,Bilal Hasan,Nilson Rojas,-500,+375,-500,-500,+500,+500,1.2,4.75,https://www.bestfightodds.com/fighters/bilal-hasan-14937,https://www.bestfightodds.com/fighters/nilson-rojas-22673,2026-08-29,,matched,BestFightOdds,2026-08-23T14:55:47.854955+00:00
UFC Fight Night: Nurmagomedov vs. Song,2026-08-29,Namsrai Batbayar,Andre Lima,+246,-286,+210,+210,-225,-225,3.46,1.3496503496503496,https://www.bestfightodds.com/fighters/namsrai-batbayar-19438,https://www.bestfightodds.com/fighters/andre-lima-16132,2026-08-29,,matched,BestFightOdds,2026-08-23T14:55:48.907504+00:00
UFC Fight Night: Nurmagomedov vs. Song,2026-08-29,Rei Tsuruya,Kevin Borjas,-500,+385,-549,-549,+475,+475,1.2,4.85,https://www.bestfightodds.com/fighters/rei-tsuruya-15872,https://www.bestfightodds.com/fighters/kevin-borjas-9841,2026-08-29,,matched,BestFightOdds,2026-08-23T14:55:49.767397+00:00
UFC Fight Night: Nurmagomedov vs. Song,2026-08-29,Jack Jenkins,Sean Woodson,+105,-125,+130,+130,-148,-148,2.05,1.8,https://www.bestfightodds.com/fighters/jack-jenkins-8037,https://www.bestfightodds.com/fighters/sean-woodson-9342,2026-08-29,,matched,BestFightOdds,2026-08-23T14:55:50.618373+00:00
UFC Fight Night: Nurmagomedov vs. Song,2026-08-29,Xiao Long,Francesco Nuzzi,-300,+250,-175,-175,+155,+155,1.3333333333333333,3.5,https://www.bestfightodds.com/fighters/xiao-long-14613,https://www.bestfightodds.com/fighters/francesco-nuzzi-10999,2026-08-29,,matched,BestFightOdds,2026-08-23T14:55:51.453435+00:00
UFC Fight Night: Nurmagomedov vs. Song,2026-08-29,Lawrence Lui,Hector Santiago,-300,+250,-300,-300,+260,+260,1.3333333333333333,3.5,https://www.bestfightodds.com/fighters/lawrence-lui-19456,https://www.bestfightodds.com/fighters/hector-santiago-18289,2026-08-29,,matched,BestFightOdds,2026-08-23T14:55:52.283368+00:00
UFC Fight Night: Nurmagomedov vs. Song,2026-08-29,Xiong Jingnan,Julia Polastri,+126,-146,+210,+210,-220,-220,2.26,1.6849315068493151,https://www.bestfightodds.com/fighters/xiong-jingnan-7759,https://www.bestfightodds.com/fighters/julia-polastri-12394,2026-08-29,,matched,BestFightOdds,2026-08-23T14:55:53.124082+00:00
UFC Fight Night: Nurmagomedov vs. Song,2026-08-29,Ding Meng,Cameron Nelson,+130,-150,-110,-110,+110,+110,2.3,1.6666666666666665,https://www.bestfightodds.com/fighters/ding-meng-22070,https://www.bestfightodds.com/fighters/cameron-nelson-22674,2026-08-29,,matched,BestFightOdds,2026-08-23T14:55:53.970153+00:00
UFC Fight Night: Nurmagomedov vs. Song,2026-08-29,Umar Nurmagomedov,Song Yadong,-700,+525,-500,-500,+400,+400,1.1428571428571428,6.25,https://www.bestfightodds.com/fighters/umar-nurmagomedov-9365,https://www.bestfightodds.com/fighters/song-yadong-9482,2026-08-29,,matched,BestFightOdds,2026-08-25T07:39:01.222081+00:00
UFC Fight Night: Nurmagomedov vs. Song,2026-08-29,Yan Xiaonan,Denise Gomes,-130,+110,-146,-146,+138,+138,1.7692307692307692,2.1,https://www.bestfightodds.com/fighters/yan-xiaonan-9553,https://www.bestfightodds.com/fighters/denise-gomes-13433,2026-08-29,,matched,BestFightOdds,2026-08-25T07:39:01.886027+00:00
UFC Fight Night: Nurmagomedov vs. Song,2026-08-29,Aoriqileng,Kai Asakura,+250,-300,+350,+350,-430,-430,3.5,1.3333333333333333,https://www.bestfightodds.com/fighters/aoriqileng-16506,https://www.bestfightodds.com/fighters/kai-asakura-7765,2026-08-29,,matched,BestFightOdds,2026-08-25T07:39:02.686151+00:00
UFC Fight Night: Nurmagomedov vs. Song,2026-08-29,Alex Perez,Sumudaerji,,,,,,,,,https://www.bestfightodds.com/fighters/alex-perez-2459,https://www.bestfightodds.com/fighters/sumudaerji-sumudaerji-8746,,,no_match,BestFightOdds,2026-08-25T07:39:04.190278+00:00
UFC Fight Night: Nurmagomedov vs. Song,2026-08-29,Liu Ce,Levi Rodrigues Jr.,,,,,,,,,https://www.bestfightodds.com/fighters/liu-ce-17339,https://www.bestfightodds.com/fighters/levi-rodrigues-14715,,,no_match,BestFightOdds,2026-08-25T07:39:05.533084+00:00
UFC Fight Night: Nurmagomedov vs. Song,2026-08-29,Bilal Hasan,Nilson Rojas,-500,+375,-649,-649,+505,+505,1.2,4.75,https://www.bestfightodds.com/fighters/bilal-hasan-14937,https://www.bestfightodds.com/fighters/nilson-rojas-22673,2026-08-29,,matched,BestFightOdds,2026-08-25T07:39:06.214505+00:00
UFC Fight Night: Nurmagomedov vs. Song,2026-08-29,Namsrai Batbayar,Andre Lima,+246,-286,+211,+211,-250,-250,3.46,1.3496503496503496,https://www.bestfightodds.com/fighters/namsrai-batbayar-19438,https://www.bestfightodds.com/fighters/andre-lima-16132,2026-08-29,,matched,BestFightOdds,2026-08-25T07:39:07.012675+00:00
UFC Fight Night: Nurmagomedov vs. Song,2026-08-29,Rei Tsuruya,Kevin Borjas,-500,+385,-649,-649,+475,+475,1.2,4.85,https://www.bestfightodds.com/fighters/rei-tsuruya-15872,https://www.bestfightodds.com/fighters/kevin-borjas-9841,2026-08-29,,matched,BestFightOdds,2026-08-25T07:39:07.684286+00:00
UFC Fight Night: Nurmagomedov vs. Song,2026-08-29,Jack Jenkins,Sean Woodson,+105,-125,+128,+128,-139,-139,2.05,1.8,https://www.bestfightodds.com/fighters/jack-jenkins-8037,https://www.bestfightodds.com/fighters/sean-woodson-9342,2026-08-29,,matched,BestFightOdds,2026-08-25T07:39:08.355984+00:00
UFC Fight Night: Nurmagomedov vs. Song,2026-08-29,Xiao Long,Francesco Nuzzi,-300,+250,-175,-175,+153,+153,1.3333333333333333,3.5,https://www.bestfightodds.com/fighters/xiao-long-14613,https://www.bestfightodds.com/fighters/francesco-nuzzi-10999,2026-08-29,,matched,BestFightOdds,2026-08-25T07:39:09.056814+00:00
UFC Fight Night: Nurmagomedov vs. Song,2026-08-29,Lawrence Lui,Hector Santiago,-300,+250,-265,-265,+250,+250,1.3333333333333333,3.5,https://www.bestfightodds.com/fighters/lawrence-lui-19456,https://www.bestfightodds.com/fighters/hector-santiago-18289,2026-08-29,,matched,BestFightOdds,2026-08-25T07:39:09.723601+00:00
UFC Fight Night: Nurmagomedov vs. Song,2026-08-29,Xiong Jingnan,Julia Polastri,+126,-146,+200,+200,-231,-231,2.26,1.6849315068493151,https://www.bestfightodds.com/fighters/xiong-jingnan-7759,https://www.bestfightodds.com/fighters/julia-polastri-12394,2026-08-29,,matched,BestFightOdds,2026-08-25T07:39:10.387803+00:00
UFC Fight Night: Nurmagomedov vs. Song,2026-08-29,Ding Meng,Cameron Nelson,+130,-150,-140,-140,+125,+125,2.3,1.6666666666666665,https://www.bestfightodds.com/fighters/ding-meng-22070,https://www.bestfightodds.com/fighters/cameron-nelson-22674,2026-08-29,,matched,BestFightOdds,2026-08-25T07:39:11.094433+00:00
UFC Fight Night: Nurmagomedov vs. Song,2026-08-29,Umar Nurmagomedov,Song Yadong,-700,+525,-520,-520,+650,+650,1.1428571428571428,6.25,https://www.bestfightodds.com/fighters/umar-nurmagomedov-9365,https://www.bestfightodds.com/fighters/song-yadong-9482,2026-08-29,,matched,BestFightOdds,2026-08-27T18:01:55.906521+00:00
UFC Fight Night: Nurmagomedov vs. Song,2026-08-29,Yan Xiaonan,Denise Gomes,-130,+110,-139,-139,+128,+128,1.7692307692307692,2.1,https://www.bestfightodds.com/fighters/yan-xiaonan-9553,https://www.bestfightodds.com/fighters/denise-gomes-13433,2026-08-29,,matched,BestFightOdds,2026-08-27T18:01:56.508446+00:00
UFC Fight Night: Nurmagomedov vs. Song,2026-08-29,Aoriqileng,Kai Asakura,+250,-300,+364,+364,-450,-450,3.5,1.3333333333333333,https://www.bestfightodds.com/fighters/aoriqileng-16506,https://www.bestfightodds.com/fighters/kai-asakura-7765,2026-08-29,,matched,BestFightOdds,2026-08-27T18:01:57.205926+00:00
UFC Fight Night: Nurmagomedov vs. Song,2026-08-29,Alex Perez,Sumudaerji,,,,,,,,,https://www.bestfightodds.com/fighters/alex-perez-2459,https://www.bestfightodds.com/fighters/sumudaerji-sumudaerji-8746,,,no_match,BestFightOdds,2026-08-27T18:01:58.517723+00:00
UFC Fight Night: Nurmagomedov vs. Song,2026-08-29,Liu Ce,Levi Rodrigues Jr.,,,,,,,,,https://www.bestfightodds.com/fighters/liu-ce-17339,https://www.bestfightodds.com/fighters/levi-rodrigues-14715,,,no_match,BestFightOdds,2026-08-27T18:01:59.728732+00:00
UFC Fight Night: Nurmagomedov vs. Song,2026-08-29,Bilal Hasan,Nilson Rojas,-500,+375,-770,-770,+561,+561,1.2,4.75,https://www.bestfightodds.com/fighters/bilal-hasan-14937,https://www.bestfightodds.com/fighters/nilson-rojas-22673,2026-08-29,,matched,BestFightOdds,2026-08-27T18:02:00.344002+00:00
UFC Fight Night: Nurmagomedov vs. Song,2026-08-29,Namsrai Batbayar,Andre Lima,+246,-286,+225,+225,-265,-265,3.46,1.3496503496503496,https://www.bestfightodds.com/fighters/namsrai-batbayar-19438,https://www.bestfightodds.com/fighters/andre-lima-16132,2026-08-29,,matched,BestFightOdds,2026-08-27T18:02:01.046935+00:00
UFC Fight Night: Nurmagomedov vs. Song,2026-08-29,Rei Tsuruya,Kevin Borjas,-500,+385,-700,-700,+550,+550,1.2,4.85,https://www.bestfightodds.com/fighters/rei-tsuruya-15872,https://www.bestfightodds.com/fighters/kevin-borjas-9841,2026-08-29,,matched,BestFightOdds,2026-08-27T18:02:01.645556+00:00
UFC Fight Night: Nurmagomedov vs. Song,2026-08-29,Jack Jenkins,Sean Woodson,+105,-125,+134,+134,-148,-148,2.05,1.8,https://www.bestfightodds.com/fighters/jack-jenkins-8037,https://www.bestfightodds.com/fighters/sean-woodson-9342,2026-08-29,,matched,BestFightOdds,2026-08-27T18:02:02.312760+00:00
UFC Fight Night: Nurmagomedov vs. Song,2026-08-29,Xiao Long,Francesco Nuzzi,-300,+250,-180,-180,+157,+157,1.3333333333333333,3.5,https://www.bestfightodds.com/fighters/xiao-long-14613,https://www.bestfightodds.com/fighters/francesco-nuzzi-10999,2026-08-29,,matched,BestFightOdds,2026-08-27T18:02:02.953594+00:00
UFC Fight Night: Nurmagomedov vs. Song,2026-08-29,Lawrence Lui,Hector Santiago,-300,+250,-275,-275,+230,+230,1.3333333333333333,3.5,https://www.bestfightodds.com/fighters/lawrence-lui-19456,https://www.bestfightodds.com/fighters/hector-santiago-18289,2026-08-29,,matched,BestFightOdds,2026-08-27T18:02:03.594145+00:00
UFC Fight Night: Nurmagomedov vs. Song,2026-08-29,Xiong Jingnan,Julia Polastri,+126,-146,+200,+200,-230,-230,2.26,1.6849315068493151,https://www.bestfightodds.com/fighters/xiong-jingnan-7759,https://www.bestfightodds.com/fighters/julia-polastri-12394,2026-08-29,,matched,BestFightOdds,2026-08-27T18:02:04.232391+00:00
UFC Fight Night: Nurmagomedov vs. Song,2026-08-29,Ding Meng,Cam Nelson,,,,,,,,,https://www.bestfightodds.com/fighters/ding-meng-22070,https://www.bestfightodds.com/fighters/cam-amine-15184,,,no_match,BestFightOdds,2026-08-27T18:02:05.639961+00:00
UFC Fight Night: Hooker vs. Parnasse,2026-09-05,Dan Hooker,Salahdine Parnasse,+300,-400,+370,+370,-450,-450,4.0,1.25,https://www.bestfightodds.com/fighters/dan-hooker-6767,https://www.bestfightodds.com/fighters/salahdine-parnasse-7824,2026-09-05,,matched,BestFightOdds,2026-08-29T12:55:54.525544+00:00
UFC Fight Night: Hooker vs. Parnasse,2026-09-05,Fares Ziam,Axel Sola,-175,+153,-144,-144,+132,+132,1.5714285714285714,2.5300000000000002,https://www.bestfightodds.com/fighters/fares-ziam-9451,https://www.bestfightodds.com/fighters/axel-sola-11006,2026-09-05,,matched,BestFightOdds,2026-08-29T12:55:55.106040+00:00
UFC Fight Night: Hooker vs. Parnasse,2026-09-05,Michael Page,Nursulton Ruziboev,-165,+145,-160,-160,+156,+156,1.606060606060606,2.45,https://www.bestfightodds.com/fighters/michael-page-3937,https://www.bestfightodds.com/fighters/nursulton-ruziboev-10851,2026-09-05,,matched,BestFightOdds,2026-08-29T12:55:55.759059+00:00
UFC Fight Night: Hooker vs. Parnasse,2026-09-05,Daniil Donchenko,Punahele Soriano,-235,+195,-215,-215,+183,+183,1.425531914893617,2.95,https://www.bestfightodds.com/fighters/daniil-donchenko-19821,https://www.bestfightodds.com/fighters/punahele-soriano-7386,2026-09-05,,matched,BestFightOdds,2026-08-29T12:55:56.337455+00:00
UFC Fight Night: Hooker vs. Parnasse,2026-09-05,Morgan Charriere,Felipe Lima,+161,-185,+165,+165,-190,-190,2.6100000000000003,1.5405405405405406,https://www.bestfightodds.com/fighters/morgan-charriere-8980,https://www.bestfightodds.com/fighters/felipe-lima-10819,2026-09-05,,matched,BestFightOdds,2026-08-29T12:55:56.925920+00:00
UFC Fight Night: Hooker vs. Parnasse,2026-09-05,Losene Keita,Muhammad Naimov,-250,+207,-275,-275,+226,+226,1.4,3.07,https://www.bestfightodds.com/fighters/losene-keita-12906,https://www.bestfightodds.com/fighters/muhammad-naimov-10630,2026-09-05,,matched,BestFightOdds,2026-08-29T12:55:57.695058+00:00
UFC Fight Night: Hooker vs. Parnasse,2026-09-05,Mario Pinto,Ryan Spann,-225,+189,-235,-235,+210,+210,1.4444444444444444,2.8899999999999997,https://www.bestfightodds.com/fighters/mario-pinto-18577,https://www.bestfightodds.com/fighters/ryan-spann-3502,2026-09-05,,matched,BestFightOdds,2026-08-29T12:55:58.268921+00:00
UFC Fight Night: Hooker vs. Parnasse,2026-09-05,Kurtis Campbell,Trevor Peek,-355,+285,-333,-333,+270,+270,1.2816901408450705,3.85,https://www.bestfightodds.com/fighters/kurtis-campbell-19992,https://www.bestfightodds.com/fighters/trevor-peek-14364,2026-09-05,,matched,BestFightOdds,2026-08-29T12:55:58.840598+00:00
UFC Fight Night: Hooker vs. Parnasse,2026-09-05,Oumar Sy,Modestas Bukauskas,-192,+167,-178,-178,+161,+161,1.5208333333333335,2.67,https://www.bestfightodds.com/fighters/oumar-sy-12679,https://www.bestfightodds.com/fighters/modestas-bukauskas-7865,2026-09-05,,matched,BestFightOdds,2026-08-29T12:55:59.421773+00:00
UFC Fight Night: Hooker vs. Parnasse,2026-09-05,Nathaniel Wood,Mairon Santos,+108,-134,+108,+108,-134,-134,2.08,1.7462686567164178,https://www.bestfightodds.com/fighters/nathaniel-wood-5309,https://www.bestfightodds.com/fighters/mairon-santos-13140,2026-09-05,,matched,BestFightOdds,2026-08-29T12:56:00.013854+00:00
UFC Fight Night: Hooker vs. Parnasse,2026-09-05,Michael Aljarouj,Fabia Sintes,-230,+192,-142,-142,+130,+130,1.434782608695652,2.92,https://www.bestfightodds.com/fighters/michael-aljarouj-10899,https://www.bestfightodds.com/fighters/fabia-sintes-17675,2026-09-05,,matched,BestFightOdds,2026-08-29T12:56:00.592098+00:00
UFC Fight Night: Hooker vs. Parnasse,2026-09-05,Nora Cornolle,Klaudia Sygula,-250,+207,-125,-125,+110,+110,1.4,3.07,https://www.bestfightodds.com/fighters/nora-cornolle-14385,https://www.bestfightodds.com/fighters/klaudia-sygula-11261,2026-09-05,,matched,BestFightOdds,2026-08-29T12:56:01.255310+00:00
UFC Fight Night: Hooker vs. Parnasse,2026-09-05,Matthieu Duclos,Luis Felipe Dias,+245,-300,-118,-118,+110,+110,3.45,1.3333333333333333,https://www.bestfightodds.com/fighters/matthieu-duclos-13753,https://www.bestfightodds.com/fighters/luis-felipe-dias-12796,2026-09-05,,matched,BestFightOdds,2026-08-29T12:56:01.850701+00:00
UFC Fight Night: Hooker vs. Parnasse,2026-09-05,Delphine Benouaich,Sofia Montenegro,+130,-150,-158,-158,+149,+149,2.3,1.6666666666666665,https://www.bestfightodds.com/fighters/delphine-benouaich-19428,https://www.bestfightodds.com/fighters/sofia-montenegro-19900,2026-09-05,,matched,BestFightOdds,2026-08-29T12:56:02.562280+00:00
UFC Fight Night: Hooker vs. Parnasse,2026-09-05,Dan Hooker,Salahdine Parnasse,+300,-400,+431,+431,-450,-450,4.0,1.25,https://www.bestfightodds.com/fighters/dan-hooker-6767,https://www.bestfightodds.com/fighters/salahdine-parnasse-7824,2026-09-05,,matched,BestFightOdds,2026-08-31T14:43:37.883629+00:00
UFC Fight Night: Hooker vs. Parnasse,2026-09-05,Fares Ziam,Axel Sola,-175,+153,-155,-155,+135,+135,1.5714285714285714,2.5300000000000002,https://www.bestfightodds.com/fighters/fares-ziam-9451,https://www.bestfightodds.com/fighters/axel-sola-11006,2026-09-05,,matched,BestFightOdds,2026-08-31T14:43:38.582771+00:00
UFC Fight Night: Hooker vs. Parnasse,2026-09-05,Michael Page,Nursulton Ruziboev,-165,+145,-180,-180,+161,+161,1.606060606060606,2.45,https://www.bestfightodds.com/fighters/michael-page-3937,https://www.bestfightodds.com/fighters/nursulton-ruziboev-10851,2026-09-05,,matched,BestFightOdds,2026-08-31T14:43:39.301704+00:00
UFC Fight Night: Hooker vs. Parnasse,2026-09-05,Daniil Donchenko,Punahele Soriano,-235,+195,-215,-215,+207,+207,1.425531914893617,2.95,https://www.bestfightodds.com/fighters/daniil-donchenko-19821,https://www.bestfightodds.com/fighters/punahele-soriano-7386,2026-09-05,,matched,BestFightOdds,2026-08-31T14:43:39.988871+00:00
UFC Fight Night: Hooker vs. Parnasse,2026-09-05,Morgan Charriere,Felipe Lima,+161,-185,+170,+170,-191,-191,2.6100000000000003,1.5405405405405406,https://www.bestfightodds.com/fighters/morgan-charriere-8980,https://www.bestfightodds.com/fighters/felipe-lima-10819,2026-09-05,,matched,BestFightOdds,2026-08-31T14:43:40.703378+00:00
UFC Fight Night: Hooker vs. Parnasse,2026-09-05,Losene Keita,Muhammad Naimov,-250,+207,-275,-275,+289,+289,1.4,3.07,https://www.bestfightodds.com/fighters/losene-keita-12906,https://www.bestfightodds.com/fighters/muhammad-naimov-10630,2026-09-05,,matched,BestFightOdds,2026-08-31T14:43:41.395169+00:00
UFC Fight Night: Hooker vs. Parnasse,2026-09-05,Mario Pinto,Ryan Spann,-225,+189,-265,-265,+222,+222,1.4444444444444444,2.8899999999999997,https://www.bestfightodds.com/fighters/mario-pinto-18577,https://www.bestfightodds.com/fighters/ryan-spann-3502,2026-09-05,,matched,BestFightOdds,2026-08-31T14:43:42.077410+00:00
UFC Fight Night: Hooker vs. Parnasse,2026-09-05,Kurtis Campbell,Trevor Peek,-355,+285,-333,-333,+278,+278,1.2816901408450705,3.85,https://www.bestfightodds.com/fighters/kurtis-campbell-19992,https://www.bestfightodds.com/fighters/trevor-peek-14364,2026-09-05,,matched,BestFightOdds,2026-08-31T14:43:42.756708+00:00
UFC Fight Night: Hooker vs. Parnasse,2026-09-05,Oumar Sy,Modestas Bukauskas,-192,+167,-188,-188,+177,+177,1.5208333333333335,2.67,https://www.bestfightodds.com/fighters/oumar-sy-12679,https://www.bestfightodds.com/fighters/modestas-bukauskas-7865,2026-09-05,,matched,BestFightOdds,2026-08-31T14:43:43.485957+00:00
UFC Fight Night: Hooker vs. Parnasse,2026-09-05,Nathaniel Wood,Mairon Santos,,,,,,,,,https://www.bestfightodds.com/fighters/nathaniel-wood-5309,https://www.bestfightodds.com/fighters/mairon-santos-13140,,,no_match,BestFightOdds,2026-08-31T14:43:44.900965+00:00
UFC Fight Night: Hooker vs. Parnasse,2026-09-05,Michael Aljarouj,Fabia Sintes,-230,+192,-133,-133,+130,+130,1.434782608695652,2.92,https://www.bestfightodds.com/fighters/michael-aljarouj-10899,https://www.bestfightodds.com/fighters/fabia-sintes-17675,2026-09-05,,matched,BestFightOdds,2026-08-31T14:43:45.588424+00:00
UFC Fight Night: Hooker vs. Parnasse,2026-09-05,Nora Cornolle,Klaudia Sygula,-250,+207,-118,-118,+108,+108,1.4,3.07,https://www.bestfightodds.com/fighters/nora-cornolle-14385,https://www.bestfightodds.com/fighters/klaudia-sygula-11261,2026-09-05,,matched,BestFightOdds,2026-08-31T14:43:46.432580+00:00
UFC Fight Night: Hooker vs. Parnasse,2026-09-05,Matthieu Duclos,Luis Felipe Dias,+245,-300,-105,-105,+105,+105,3.45,1.3333333333333333,https://www.bestfightodds.com/fighters/matthieu-duclos-13753,https://www.bestfightodds.com/fighters/luis-felipe-dias-12796,2026-09-05,,matched,BestFightOdds,2026-08-31T14:43:47.108057+00:00
UFC Fight Night: Hooker vs. Parnasse,2026-09-05,Delphine Benouaich,Sofia Montenegro,+130,-150,-140,-140,+130,+130,2.3,1.6666666666666665,https://www.bestfightodds.com/fighters/delphine-benouaich-19428,https://www.bestfightodds.com/fighters/sofia-montenegro-19900,2026-09-05,,matched,BestFightOdds,2026-08-31T14:43:47.927506+00:00
UFC Fight Night: Hooker vs. Parnasse,2026-09-05,Dan Hooker,Salahdine Parnasse,+300,-400,+525,+525,-549,-549,4.0,1.25,https://www.bestfightodds.com/fighters/dan-hooker-6767,https://www.bestfightodds.com/fighters/salahdine-parnasse-7824,2026-09-05,,matched,BestFightOdds,2026-09-02T11:54:19.855539+00:00
UFC Fight Night: Hooker vs. Parnasse,2026-09-05,Fares Ziam,Axel Sola,-175,+153,-147,-147,+128,+128,1.5714285714285714,2.5300000000000002,https://www.bestfightodds.com/fighters/fares-ziam-9451,https://www.bestfightodds.com/fighters/axel-sola-11006,2026-09-05,,matched,BestFightOdds,2026-09-02T11:54:20.436049+00:00
UFC Fight Night: Hooker vs. Parnasse,2026-09-05,Michael Page,Nursulton Ruziboev,-165,+145,-159,-159,+150,+150,1.606060606060606,2.45,https://www.bestfightodds.com/fighters/michael-page-3937,https://www.bestfightodds.com/fighters/nursulton-ruziboev-10851,2026-09-05,,matched,BestFightOdds,2026-09-02T11:54:21.108503+00:00
UFC Fight Night: Hooker vs. Parnasse,2026-09-05,Daniil Donchenko,Punahele Soriano,-235,+195,-249,-249,+220,+220,1.425531914893617,2.95,https://www.bestfightodds.com/fighters/daniil-donchenko-19821,https://www.bestfightodds.com/fighters/punahele-soriano-7386,2026-09-05,,matched,BestFightOdds,2026-09-02T11:54:21.704909+00:00
UFC Fight Night: Hooker vs. Parnasse,2026-09-05,Kurtis Campbell,Trevor Peek,-355,+285,-333,-333,+300,+300,1.2816901408450705,3.85,https://www.bestfightodds.com/fighters/kurtis-campbell-19992,https://www.bestfightodds.com/fighters/trevor-peek-14364,2026-09-05,,matched,BestFightOdds,2026-09-02T11:54:22.288635+00:00
UFC Fight Night: Hooker vs. Parnasse,2026-09-05,Losene Keita,Muhammad Naimov,-250,+207,-333,-333,+290,+290,1.4,3.07,https://www.bestfightodds.com/fighters/losene-keita-12906,https://www.bestfightodds.com/fighters/muhammad-naimov-10630,2026-09-05,,matched,BestFightOdds,2026-09-02T11:54:22.860521+00:00
UFC Fight Night: Hooker vs. Parnasse,2026-09-05,Morgan Charriere,Felipe Lima,+161,-185,+163,+163,-180,-180,2.6100000000000003,1.5405405405405406,https://www.bestfightodds.com/fighters/morgan-charriere-8980,https://www.bestfightodds.com/fighters/felipe-lima-10819,2026-09-05,,matched,BestFightOdds,2026-09-02T11:54:23.533747+00:00
UFC Fight Night: Hooker vs. Parnasse,2026-09-05,Mario Pinto,Ryan Spann,-225,+189,-270,-270,+228,+228,1.4444444444444444,2.8899999999999997,https://www.bestfightodds.com/fighters/mario-pinto-18577,https://www.bestfightodds.com/fighters/ryan-spann-3502,2026-09-05,,matched,BestFightOdds,2026-09-02T11:54:24.203056+00:00
UFC Fight Night: Hooker vs. Parnasse,2026-09-05,Oumar Sy,Modestas Bukauskas,-192,+167,-188,-188,+179,+179,1.5208333333333335,2.67,https://www.bestfightodds.com/fighters/oumar-sy-12679,https://www.bestfightodds.com/fighters/modestas-bukauskas-7865,2026-09-05,,matched,BestFightOdds,2026-09-02T11:54:24.789357+00:00
UFC Fight Night: Hooker vs. Parnasse,2026-09-05,Nathaniel Wood,Pavel Andrusca,,,,,,,,,https://www.bestfightodds.com/fighters/nathaniel-wood-5309,https://www.bestfightodds.com/fighters/pavel-andrusca-20415,,,no_match,BestFightOdds,2026-09-02T11:54:25.914189+00:00
UFC Fight Night: Hooker vs. Parnasse,2026-09-05,Michael Aljarouj,Fabia Sintes,-230,+192,-125,-125,+120,+120,1.434782608695652,2.92,https://www.bestfightodds.com/fighters/michael-aljarouj-10899,https://www.bestfightodds.com/fighters/fabia-sintes-17675,2026-09-05,,matched,BestFightOdds,2026-09-02T11:54:26.483690+00:00
UFC Fight Night: Hooker vs. Parnasse,2026-09-05,Nora Cornolle,Klaudia Sygula,-250,+207,-120,-120,+106,+106,1.4,3.07,https://www.bestfightodds.com/fighters/nora-cornolle-14385,https://www.bestfightodds.com/fighters/klaudia-sygula-11261,2026-09-05,,matched,BestFightOdds,2026-09-02T11:54:27.123171+00:00
UFC Fight Night: Hooker vs. Parnasse,2026-09-05,Matthieu Duclos,Luis Felipe Dias,+245,-300,-110,-110,+105,+105,3.45,1.3333333333333333,https://www.bestfightodds.com/fighters/matthieu-duclos-13753,https://www.bestfightodds.com/fighters/luis-felipe-dias-12796,2026-09-05,,matched,BestFightOdds,2026-09-02T11:54:27.676753+00:00
UFC Fight Night: Hooker vs. Parnasse,2026-09-05,Delphine Benouaich,Sofia Montenegro,+130,-150,-143,-143,+130,+130,2.3,1.6666666666666665,https://www.bestfightodds.com/fighters/delphine-benouaich-19428,https://www.bestfightodds.com/fighters/sofia-montenegro-19900,2026-09-05,,matched,BestFightOdds,2026-09-02T11:54:28.320072+00:00
UFC Fight Night: Hooker vs. Parnasse,2026-09-05,Dan Hooker,Salahdine Parnasse,+300,-400,+525,+525,-549,-549,4.0,1.25,https://www.bestfightodds.com/fighters/dan-hooker-6767,https://www.bestfightodds.com/fighters/salahdine-parnasse-7824,2026-09-05,,matched,BestFightOdds,2026-09-04T11:56:12.923188+00:00
UFC Fight Night: Hooker vs. Parnasse,2026-09-05,Fares Ziam,Axel Sola,-175,+153,-150,-150,+135,+135,1.5714285714285714,2.5300000000000002,https://www.bestfightodds.com/fighters/fares-ziam-9451,https://www.bestfightodds.com/fighters/axel-sola-11006,2026-09-05,,matched,BestFightOdds,2026-09-04T11:56:13.591107+00:00
UFC Fight Night: Hooker vs. Parnasse,2026-09-05,Michael Page,Nursulton Ruziboev,-165,+145,-163,-163,+145,+145,1.606060606060606,2.45,https://www.bestfightodds.com/fighters/michael-page-3937,https://www.bestfightodds.com/fighters/nursulton-ruziboev-10851,2026-09-05,,matched,BestFightOdds,2026-09-04T11:56:14.160327+00:00
UFC Fight Night: Hooker vs. Parnasse,2026-09-05,Daniil Donchenko,Punahele Soriano,-235,+195,-225,-225,+195,+195,1.425531914893617,2.95,https://www.bestfightodds.com/fighters/daniil-donchenko-19821,https://www.bestfightodds.com/fighters/punahele-soriano-7386,2026-09-05,,matched,BestFightOdds,2026-09-04T11:56:14.708777+00:00
UFC Fight Night: Hooker vs. Parnasse,2026-09-05,Kurtis Campbell,Trevor Peek,-355,+285,-385,-385,+310,+310,1.2816901408450705,3.85,https://www.bestfightodds.com/fighters/kurtis-campbell-19992,https://www.bestfightodds.com/fighters/trevor-peek-14364,2026-09-05,,matched,BestFightOdds,2026-09-04T11:56:15.242134+00:00
UFC Fight Night: Hooker vs. Parnasse,2026-09-05,Losene Keita,Muhammad Naimov,-250,+207,-333,-333,+310,+310,1.4,3.07,https://www.bestfightodds.com/fighters/losene-keita-12906,https://www.bestfightodds.com/fighters/muhammad-naimov-10630,2026-09-05,,matched,BestFightOdds,2026-09-04T11:56:15.782132+00:00
UFC Fight Night: Hooker vs. Parnasse,2026-09-05,Morgan Charriere,Felipe Lima,+161,-185,+181,+181,-192,-192,2.6100000000000003,1.5405405405405406,https://www.bestfightodds.com/fighters/morgan-charriere-8980,https://www.bestfightodds.com/fighters/felipe-lima-10819,2026-09-05,,matched,BestFightOdds,2026-09-04T11:56:16.351065+00:00
UFC Fight Night: Hooker vs. Parnasse,2026-09-05,Mario Pinto,Ryan Spann,-225,+189,-300,-300,+265,+265,1.4444444444444444,2.8899999999999997,https://www.bestfightodds.com/fighters/mario-pinto-18577,https://www.bestfightodds.com/fighters/ryan-spann-3502,2026-09-05,,matched,BestFightOdds,2026-09-04T11:56:16.883537+00:00
UFC Fight Night: Hooker vs. Parnasse,2026-09-05,Oumar Sy,Modestas Bukauskas,-192,+167,-225,-225,+194,+194,1.5208333333333335,2.67,https://www.bestfightodds.com/fighters/oumar-sy-12679,https://www.bestfightodds.com/fighters/modestas-bukauskas-7865,2026-09-05,,matched,BestFightOdds,2026-09-04T11:56:17.456655+00:00
UFC Fight Night: Hooker vs. Parnasse,2026-09-05,Nathaniel Wood,Pavel Andrusca,-300,+245,-295,-295,+250,+250,1.3333333333333333,3.45,https://www.bestfightodds.com/fighters/nathaniel-wood-5309,https://www.bestfightodds.com/fighters/pavel-andrusca-20415,2026-09-05,,matched,BestFightOdds,2026-09-04T11:56:18.032818+00:00
UFC Fight Night: Hooker vs. Parnasse,2026-09-05,Michael Aljarouj,Fabia Sintes,-230,+192,-120,-120,+108,+108,1.434782608695652,2.92,https://www.bestfightodds.com/fighters/michael-aljarouj-10899,https://www.bestfightodds.com/fighters/fabia-sintes-17675,2026-09-05,,matched,BestFightOdds,2026-09-04T11:56:18.563917+00:00
UFC Fight Night: Hooker vs. Parnasse,2026-09-05,Nora Cornolle,Klaudia Sygula,-250,+207,+101,+101,-103,-103,1.4,3.07,https://www.bestfightodds.com/fighters/nora-cornolle-14385,https://www.bestfightodds.com/fighters/klaudia-sygula-11261,2026-09-05,,matched,BestFightOdds,2026-09-04T11:56:19.179229+00:00
UFC Fight Night: Hooker vs. Parnasse,2026-09-05,Matthieu Duclos,Luis Felipe Dias,+245,-300,-110,-110,+103,+103,3.45,1.3333333333333333,https://www.bestfightodds.com/fighters/matthieu-duclos-13753,https://www.bestfightodds.com/fighters/luis-felipe-dias-12796,2026-09-05,,matched,BestFightOdds,2026-09-04T11:56:19.709683+00:00
UFC Fight Night: Hooker vs. Parnasse,2026-09-05,Delphine Benouaich,Sofia Montenegro,+130,-150,-143,-143,+130,+130,2.3,1.6666666666666665,https://www.bestfightodds.com/fighters/delphine-benouaich-19428,https://www.bestfightodds.com/fighters/sofia-montenegro-19900,2026-09-05,,matched,BestFightOdds,2026-09-04T11:56:20.259445+00:00
Noche UFC: Silva vs. Delgado,2026-09-12,Jean Silva,Jose Delgado,-360,+295,-400,-400,+325,+325,1.2777777777777777,3.95,https://www.bestfightodds.com/fighters/jean-silva-554,https://www.bestfightodds.com/fighters/jose-delgado-18000,2026-09-12,,matched,BestFightOdds,2026-09-06T11:28:56.066787+00:00
Noche UFC: Silva vs. Delgado,2026-09-12,Brandon Moreno,Joseph Morales,-170,+149,+116,+116,-120,-120,1.5882352941176472,2.49,https://www.bestfightodds.com/fighters/brandon-moreno-6681,https://www.bestfightodds.com/fighters/joseph-morales-5383,2026-09-13,,matched,BestFightOdds,2026-09-06T11:28:56.713582+00:00
Noche UFC: Silva vs. Delgado,2026-09-12,Tommy McMillen,Marwan Rahiki,-135,+115,-150,-150,+149,+149,1.7407407407407407,2.15,https://www.bestfightodds.com/fighters/tommy-mcmillen-18277,https://www.bestfightodds.com/fighters/marwan-rahiki-20124,2026-09-13,,matched,BestFightOdds,2026-09-06T11:28:57.346288+00:00
Noche UFC: Silva vs. Delgado,2026-09-12,Manon Fiorot,Alexa Grasso,-216,+184,-215,-215,+185,+185,1.462962962962963,2.84,https://www.bestfightodds.com/fighters/manon-fiorot-8225,https://www.bestfightodds.com/fighters/alexa-grasso-5096,2026-09-13,,matched,BestFightOdds,2026-09-06T11:28:58.096462+00:00
Noche UFC: Silva vs. Delgado,2026-09-12,Waldo Cortes Acosta,Curtis Blaydes,,,,,,,,,https://www.bestfightodds.com/fighters/waldo-cortes-acosta-12830,https://www.bestfightodds.com/fighters/curtis-blaydes-5732,,,no_match,BestFightOdds,2026-09-06T11:28:59.396891+00:00
Noche UFC: Silva vs. Delgado,2026-09-12,David Martinez,Dan Ige,-280,+230,-305,-305,+265,+265,1.3571428571428572,3.3,https://www.bestfightodds.com/fighters/david-martinez-16826,https://www.bestfightodds.com/fighters/dan-ige-6448,2026-09-13,,matched,BestFightOdds,2026-09-06T11:29:00.038778+00:00
Noche UFC: Silva vs. Delgado,2026-09-12,Tim Elliott,Edgar Chairez,+153,-175,+180,+180,-210,-210,2.5300000000000002,1.5714285714285714,https://www.bestfightodds.com/fighters/tim-elliott-3288,https://www.bestfightodds.com/fighters/edgar-chairez-9509,2026-09-13,,matched,BestFightOdds,2026-09-06T11:29:00.693034+00:00
Noche UFC: Silva vs. Delgado,2026-09-12,Ignacio Bahamondes,Muslim Salikhov,-300,+245,-450,-450,+400,+400,1.3333333333333333,3.45,https://www.bestfightodds.com/fighters/ignacio-bahamondes-9750,https://www.bestfightodds.com/fighters/muslim-salikhov-7701,2026-09-13,,matched,BestFightOdds,2026-09-06T11:29:01.333980+00:00
Noche UFC: Silva vs. Delgado,2026-09-12,Yousri Belgaroui,Djorden Santos,-600,+446,-649,-649,+505,+505,1.1666666666666667,5.46,https://www.bestfightodds.com/fighters/yousri-belgaroui-13350,https://www.bestfightodds.com/fighters/djorden-santos-18276,2026-09-13,,matched,BestFightOdds,2026-09-06T11:29:02.224200+00:00
Noche UFC: Silva vs. Delgado,2026-09-12,Drakkar Klose,Tommy Gantt,+383,-500,+400,+400,-500,-500,4.83,1.2,https://www.bestfightodds.com/fighters/drakkar-klose-6701,https://www.bestfightodds.com/fighters/tommy-gantt-22019,2026-09-13,,matched,BestFightOdds,2026-09-06T11:29:03.065308+00:00
Noche UFC: Silva vs. Delgado,2026-09-12,Rafa Garcia,Rongzhu,-150,+130,+153,+153,-163,-163,1.6666666666666665,2.3,https://www.bestfightodds.com/fighters/rafa-garcia-9241,https://www.bestfightodds.com/fighters/rongzhu-17112,2026-09-13,,matched,BestFightOdds,2026-09-06T11:29:03.727763+00:00
Noche UFC: Silva vs. Delgado,2026-09-12,Sean King III,Jessie Rosas,,,,,,,,,https://www.bestfightodds.com/fighters/sean-king-20381,https://www.bestfightodds.com/fighters/jessie-rosas-17426,,,no_match,BestFightOdds,2026-09-06T11:29:05.064413+00:00
Noche UFC: Silva vs. Delgado,2026-09-12,JJ Aldrich,Regina Tarin,+245,-300,+205,+205,-225,-225,3.45,1.3333333333333333,https://www.bestfightodds.com/fighters/jj-aldrich-12276,https://www.bestfightodds.com/fighters/regina-tarin-21156,2026-09-13,,matched,BestFightOdds,2026-09-06T11:29:05.715465+00:00
Noche UFC: Silva vs. Delgado,2026-09-12,Jean Silva,Jose Delgado,-360,+295,-420,-420,+337,+337,1.2777777777777777,3.95,https://www.bestfightodds.com/fighters/jean-silva-554,https://www.bestfightodds.com/fighters/jose-delgado-18000,2026-09-12,,matched,BestFightOdds,2026-09-08T11:55:50.528131+00:00
Noche UFC: Silva vs. Delgado,2026-09-12,Brandon Moreno,Joseph Morales,-170,+149,+105,+105,-120,-120,1.5882352941176472,2.49,https://www.bestfightodds.com/fighters/brandon-moreno-6681,https://www.bestfightodds.com/fighters/joseph-morales-5383,2026-09-13,,matched,BestFightOdds,2026-09-08T11:55:51.195889+00:00
Noche UFC: Silva vs. Delgado,2026-09-12,Tommy McMillen,Marwan Rahiki,-135,+115,-165,-165,+145,+145,1.7407407407407407,2.15,https://www.bestfightodds.com/fighters/tommy-mcmillen-18277,https://www.bestfightodds.com/fighters/marwan-rahiki-20124,2026-09-13,,matched,BestFightOdds,2026-09-08T11:55:51.859714+00:00
Noche UFC: Silva vs. Delgado,2026-09-12,Manon Fiorot,Alexa Grasso,-216,+184,-225,-225,+195,+195,1.462962962962963,2.84,https://www.bestfightodds.com/fighters/manon-fiorot-8225,https://www.bestfightodds.com/fighters/alexa-grasso-5096,2026-09-13,,matched,BestFightOdds,2026-09-08T11:55:52.696261+00:00
Noche UFC: Silva vs. Delgado,2026-09-12,Waldo Cortes Acosta,Curtis Blaydes,,,,,,,,,https://www.bestfightodds.com/fighters/waldo-cortes-acosta-12830,https://www.bestfightodds.com/fighters/curtis-blaydes-5732,,,no_match,BestFightOdds,2026-09-08T11:55:54.056821+00:00
Noche UFC: Silva vs. Delgado,2026-09-12,David Martinez,Dan Ige,-280,+230,-330,-330,+299,+299,1.3571428571428572,3.3,https://www.bestfightodds.com/fighters/david-martinez-16826,https://www.bestfightodds.com/fighters/dan-ige-6448,2026-09-13,,matched,BestFightOdds,2026-09-08T11:55:54.719143+00:00
Noche UFC: Silva vs. Delgado,2026-09-12,Tim Elliott,Edgar Chairez,+153,-175,+181,+181,-200,-200,2.5300000000000002,1.5714285714285714,https://www.bestfightodds.com/fighters/tim-elliott-3288,https://www.bestfightodds.com/fighters/edgar-chairez-9509,2026-09-13,,matched,BestFightOdds,2026-09-08T11:55:55.392130+00:00
Noche UFC: Silva vs. Delgado,2026-09-12,Ignacio Bahamondes,Muslim Salikhov,-300,+245,-500,-500,+400,+400,1.3333333333333333,3.45,https://www.bestfightodds.com/fighters/ignacio-bahamondes-9750,https://www.bestfightodds.com/fighters/muslim-salikhov-7701,2026-09-13,,matched,BestFightOdds,2026-09-08T11:55:56.058751+00:00
Noche UFC: Silva vs. Delgado,2026-09-12,Yousri Belgaroui,Djorden Santos,-600,+446,-770,-770,+561,+561,1.1666666666666667,5.46,https://www.bestfightodds.com/fighters/yousri-belgaroui-13350,https://www.bestfightodds.com/fighters/djorden-santos-18276,2026-09-13,,matched,BestFightOdds,2026-09-08T11:55:56.834294+00:00
Noche UFC: Silva vs. Delgado,2026-09-12,Drakkar Klose,Tommy Gantt,+383,-500,+400,+400,-500,-500,4.83,1.2,https://www.bestfightodds.com/fighters/drakkar-klose-6701,https://www.bestfightodds.com/fighters/tommy-gantt-22019,2026-09-13,,matched,BestFightOdds,2026-09-08T11:55:57.653513+00:00
Noche UFC: Silva vs. Delgado,2026-09-12,Rafa Garcia,Rongzhu,-150,+130,+165,+165,-172,-172,1.6666666666666665,2.3,https://www.bestfightodds.com/fighters/rafa-garcia-9241,https://www.bestfightodds.com/fighters/rongzhu-17112,2026-09-13,,matched,BestFightOdds,2026-09-08T11:55:58.374188+00:00
Noche UFC: Silva vs. Delgado,2026-09-12,Sean King III,Jessie Rosas,,,,,,,,,https://www.bestfightodds.com/fighters/sean-king-20381,https://www.bestfightodds.com/fighters/jessie-rosas-17426,,,no_match,BestFightOdds,2026-09-08T11:55:59.675112+00:00
Noche UFC: Silva vs. Delgado,2026-09-12,JJ Aldrich,Regina Tarin,+245,-300,+252,+252,-290,-290,3.45,1.3333333333333333,https://www.bestfightodds.com/fighters/jj-aldrich-12276,https://www.bestfightodds.com/fighters/regina-tarin-21156,2026-09-13,,matched,BestFightOdds,2026-09-08T11:56:00.335776+00:00
