recorded_at,snapshot_id,model_version,event_name,event_date,fighter_red,fighter_blue,independent_red_probability,residual_red_probability,market_red_probability,red_decimal,blue_decimal,recommendation,recommended_decimal,paper_candidate,outcome_red,settled_at
2026-08-15T15:20:35.402354+00:00,legacy:UFC 330: Makhachev vs. Machado Garry:-105:+102,3.0.0,UFC 330: Makhachev vs. Machado Garry,2026-08-15,Jalin Turner,Kaue Fernandes,0.572,0.4847,0.5085111484056581,1.9523809523809523,2.02,Kaue Fernandes,2.02,False,1.0,2026-08-23T15:00:08.299810+00:00
2026-08-15T15:20:35.402354+00:00,legacy:UFC 330: Makhachev vs. Machado Garry:+124:-144,3.0.0,UFC 330: Makhachev vs. Machado Garry,2026-08-15,Neil Magny,Ramiz Brahimaj,0.6035,0.3858,0.4306693024569331,2.24,1.6944444444444444,Ramiz Brahimaj,1.6944444444444444,False,1.0,2026-08-23T15:00:08.299810+00:00
2026-08-15T15:20:35.402354+00:00,legacy:UFC 330: Makhachev vs. Machado Garry:-104:-110,3.0.0,UFC 330: Makhachev vs. Machado Garry,2026-08-15,Vicente Luque,Tresean Gore,0.665,0.4576,0.4932249322493225,1.9615384615384617,1.9090909090909087,Tresean Gore,1.9090909090909087,False,0.0,2026-08-23T15:00:08.299810+00:00
2026-08-15T15:20:35.402354+00:00,legacy:UFC 330: Makhachev vs. Machado Garry:-186:+180,3.0.0,UFC 330: Makhachev vs. Machado Garry,2026-08-15,Mackenzie Dern,Gillian Robertson,0.4351,0.6323,0.645513138324244,1.5376344086021505,2.8,Gillian Robertson,2.8,False,1.0,2026-08-23T15:00:08.299810+00:00
2026-08-15T15:20:35.402354+00:00,legacy:UFC 330: Makhachev vs. Machado Garry:+240:-265,3.0.0,UFC 330: Makhachev vs. Machado Garry,2026-08-15,Rafael Tobias,Lucas Fernando,0.4311,0.2988,0.2883096366508688,3.4,1.3773584905660377,Rafael Tobias,3.4,False,0.0,2026-08-23T15:00:08.299810+00:00
2026-08-15T15:20:35.402354+00:00,legacy:UFC 330: Makhachev vs. Machado Garry:+800:-1000,3.0.0,UFC 330: Makhachev vs. Machado Garry,2026-08-15,Jeremiah Wells,Myktybek Orolbai,0.2357,0.0848,0.1089108910891089,9.0,1.1,Myktybek Orolbai,1.1,False,1.0,2026-08-23T15:00:08.299810+00:00
2026-08-15T15:20:35.402354+00:00,legacy:UFC 330: Makhachev vs. Machado Garry:-300:+250,3.0.0,UFC 330: Makhachev vs. Machado Garry,2026-08-15,Donte Johnson,Eric McConico,0.5768,0.7548,0.7241379310344829,1.3333333333333333,3.5,Donte Johnson,1.3333333333333333,False,1.0,2026-08-23T15:00:08.299810+00:00
2026-08-15T15:20:35.402354+00:00,legacy:UFC 330: Makhachev vs. Machado Garry:+525:-649,3.0.0,UFC 330: Makhachev vs. Machado Garry,2026-08-15,Edson Barboza,Esteban Ribovics,0.2924,0.1288,0.1558711825607408,6.25,1.1540832049306626,Esteban Ribovics,1.1540832049306626,False,0.0,2026-08-23T15:00:08.299810+00:00
2026-08-15T15:20:35.402354+00:00,legacy:UFC 330: Makhachev vs. Machado Garry:-649:+520,3.0.0,UFC 330: Makhachev vs. Machado Garry,2026-08-15,Mansur Abdul-Malik,Dustin Stoltzfus,0.6658,0.8634,0.8430690579953066,1.1540832049306626,6.2,Mansur Abdul-Malik,1.1540832049306626,False,0.0,2026-08-23T15:00:08.299810+00:00
2026-08-15T15:20:35.402354+00:00,legacy:UFC 330: Makhachev vs. Machado Garry:-330:+290,3.0.0,UFC 330: Makhachev vs. Machado Garry,2026-08-15,Islam Makhachev,Ian Machado Garry,0.5511,0.7547,0.749563191613279,1.303030303030303,3.9,Islam Makhachev,1.303030303030303,False,1.0,2026-08-23T15:00:08.299810+00:00
2026-08-15T15:20:35.402354+00:00,legacy:UFC 330: Makhachev vs. Machado Garry:+260:-295,3.0.0,UFC 330: Makhachev vs. Machado Garry,2026-08-15,Chidi Njokuani,Joel Alvarez,0.2314,0.268,0.271105010295127,3.6,1.3389830508474576,Joel Alvarez,1.3389830508474576,False,1.0,2026-08-23T15:00:08.299810+00:00
2026-08-17T07:48:47.048395+00:00,2026-08-17T07:46:31.310582+00:00,3.0.0,UFC 330: Makhachev vs. Machado Garry,2026-08-15,Neil Magny,Ramiz Brahimaj,0.6035,0.3711,0.4162470627727425,2.35,1.6756756756756757,Ramiz Brahimaj,1.6756756756756757,False,1.0,2026-08-23T15:00:08.299810+00:00
2026-08-17T07:48:47.048395+00:00,2026-08-17T07:46:24.376233+00:00,3.0.0,UFC 330: Makhachev vs. Machado Garry,2026-08-15,Mackenzie Dern,Gillian Robertson,0.4351,0.6525,0.6641947670351196,1.5319148936170213,3.03,Gillian Robertson,3.03,False,1.0,2026-08-23T15:00:08.299810+00:00
2026-08-17T07:48:47.048395+00:00,2026-08-17T07:46:29.130424+00:00,3.0.0,UFC 330: Makhachev vs. Machado Garry,2026-08-15,Donte Johnson,Eric McConico,0.5768,0.7754,0.7452229299363058,1.3333333333333333,3.9,Donte Johnson,1.3333333333333333,False,1.0,2026-08-23T15:00:08.299810+00:00
2026-08-17T07:48:47.048395+00:00,2026-08-17T07:46:29.893960+00:00,3.0.0,UFC 330: Makhachev vs. Machado Garry,2026-08-15,Vicente Luque,Tresean Gore,0.665,0.4589,0.4943946188340807,1.9523809523809523,1.9090909090909087,Tresean Gore,1.9090909090909087,False,0.0,2026-08-23T15:00:08.299810+00:00
2026-08-17T07:48:47.048395+00:00,2026-08-17T07:46:25.044092+00:00,3.0.0,UFC 330: Makhachev vs. Machado Garry,2026-08-15,Jalin Turner,Kaue Fernandes,0.572,0.4955,0.5187068652379223,1.8928571428571428,2.04,Kaue Fernandes,2.04,False,1.0,2026-08-23T15:00:08.299810+00:00
2026-08-17T07:48:47.048395+00:00,2026-08-17T07:46:31.986745+00:00,3.0.0,UFC 330: Makhachev vs. Machado Garry,2026-08-15,Jeremiah Wells,Myktybek Orolbai,0.2357,0.073,0.0948275862068965,10.5,1.1,Myktybek Orolbai,1.1,False,1.0,2026-08-23T15:00:08.299810+00:00
2026-08-17T07:48:47.048395+00:00,2026-08-17T07:46:30.556316+00:00,3.0.0,UFC 330: Makhachev vs. Machado Garry,2026-08-15,Rafael Tobias,Lucas Fernando,0.4311,0.2902,0.2803738317757009,3.5,1.3636363636363638,Rafael Tobias,3.5,False,0.0,2026-08-23T15:00:08.299810+00:00
2026-08-17T07:48:47.048395+00:00,2026-08-17T07:46:26.452703+00:00,3.0.0,UFC 330: Makhachev vs. Machado Garry,2026-08-15,Edson Barboza,Esteban Ribovics,0.2924,0.1223,0.1486438481490963,6.61,1.1540832049306626,Esteban Ribovics,1.1540832049306626,False,0.0,2026-08-23T15:00:08.299810+00:00
2026-08-17T07:48:47.048395+00:00,2026-08-17T07:46:25.707553+00:00,3.0.0,UFC 330: Makhachev vs. Machado Garry,2026-08-15,Mansur Abdul-Malik,Dustin Stoltzfus,0.6658,0.8692,0.8492199295420231,1.1540832049306626,6.5,Mansur Abdul-Malik,1.1540832049306626,False,0.0,2026-08-23T15:00:08.299810+00:00
2026-08-17T07:48:47.048395+00:00,2026-08-17T07:46:27.128105+00:00,3.0.0,UFC 330: Makhachev vs. Machado Garry,2026-08-15,Chidi Njokuani,Joel Alvarez,0.2314,0.2409,0.2453257790368271,4.0,1.3003003003003002,Joel Alvarez,1.3003003003003002,False,1.0,2026-08-23T15:00:08.299810+00:00
2026-08-17T07:48:47.048395+00:00,2026-08-17T07:46:23.692754+00:00,3.0.0,UFC 330: Makhachev vs. Machado Garry,2026-08-15,Islam Makhachev,Ian Machado Garry,0.5511,0.7495,0.7446555819477435,1.303030303030303,3.8,Islam Makhachev,1.303030303030303,False,1.0,2026-08-23T15:00:08.299810+00:00
2026-08-19T07:35:17.461149+00:00,2026-08-19T07:33:06.331786+00:00,3.0.0,UFC 330: Makhachev vs. Machado Garry,2026-08-15,Neil Magny,Ramiz Brahimaj,0.6035,0.3711,0.4162470627727425,2.35,1.6756756756756757,Ramiz Brahimaj,1.6756756756756757,False,1.0,2026-08-23T15:00:08.299810+00:00
2026-08-19T07:35:17.461149+00:00,2026-08-19T07:33:00.402093+00:00,3.0.0,UFC 330: Makhachev vs. Machado Garry,2026-08-15,Mackenzie Dern,Gillian Robertson,0.4351,0.6525,0.6641947670351196,1.5319148936170213,3.03,Gillian Robertson,3.03,False,1.0,2026-08-23T15:00:08.299810+00:00
2026-08-19T07:35:17.461149+00:00,2026-08-19T07:33:04.477789+00:00,3.0.0,UFC 330: Makhachev vs. Machado Garry,2026-08-15,Donte Johnson,Eric McConico,0.5768,0.7754,0.7452229299363058,1.3333333333333333,3.9,Donte Johnson,1.3333333333333333,False,1.0,2026-08-23T15:00:08.299810+00:00
2026-08-19T07:35:17.461149+00:00,2026-08-19T07:33:05.108386+00:00,3.0.0,UFC 330: Makhachev vs. Machado Garry,2026-08-15,Vicente Luque,Tresean Gore,0.665,0.4589,0.4943946188340807,1.9523809523809523,1.9090909090909087,Tresean Gore,1.9090909090909087,False,0.0,2026-08-23T15:00:08.299810+00:00
2026-08-19T07:35:17.461149+00:00,2026-08-19T07:33:00.960857+00:00,3.0.0,UFC 330: Makhachev vs. Machado Garry,2026-08-15,Jalin Turner,Kaue Fernandes,0.572,0.4955,0.5187068652379223,1.8928571428571428,2.04,Kaue Fernandes,2.04,False,1.0,2026-08-23T15:00:08.299810+00:00
2026-08-19T07:35:17.461149+00:00,2026-08-19T07:33:06.909552+00:00,3.0.0,UFC 330: Makhachev vs. Machado Garry,2026-08-15,Jeremiah Wells,Myktybek Orolbai,0.2357,0.073,0.0948275862068965,10.5,1.1,Myktybek Orolbai,1.1,False,1.0,2026-08-23T15:00:08.299810+00:00
2026-08-19T07:35:17.461149+00:00,2026-08-19T07:33:05.697264+00:00,3.0.0,UFC 330: Makhachev vs. Machado Garry,2026-08-15,Rafael Tobias,Lucas Fernando,0.4311,0.2902,0.2803738317757009,3.5,1.3636363636363638,Rafael Tobias,3.5,False,0.0,2026-08-23T15:00:08.299810+00:00
2026-08-19T07:35:17.461149+00:00,2026-08-19T07:33:02.190684+00:00,3.0.0,UFC 330: Makhachev vs. Machado Garry,2026-08-15,Edson Barboza,Esteban Ribovics,0.2924,0.1223,0.1486438481490963,6.61,1.1540832049306626,Esteban Ribovics,1.1540832049306626,False,0.0,2026-08-23T15:00:08.299810+00:00
2026-08-19T07:35:17.461149+00:00,2026-08-19T07:33:01.545549+00:00,3.0.0,UFC 330: Makhachev vs. Machado Garry,2026-08-15,Mansur Abdul-Malik,Dustin Stoltzfus,0.6658,0.8692,0.8492199295420231,1.1540832049306626,6.5,Mansur Abdul-Malik,1.1540832049306626,False,0.0,2026-08-23T15:00:08.299810+00:00
2026-08-19T07:35:17.461149+00:00,2026-08-19T07:33:02.775019+00:00,3.0.0,UFC 330: Makhachev vs. Machado Garry,2026-08-15,Chidi Njokuani,Joel Alvarez,0.2314,0.2409,0.2453257790368271,4.0,1.3003003003003002,Joel Alvarez,1.3003003003003002,False,1.0,2026-08-23T15:00:08.299810+00:00
2026-08-19T07:35:17.461149+00:00,2026-08-19T07:32:59.839592+00:00,3.0.0,UFC 330: Makhachev vs. Machado Garry,2026-08-15,Islam Makhachev,Ian Machado Garry,0.5511,0.7495,0.7446555819477435,1.303030303030303,3.8,Islam Makhachev,1.303030303030303,False,1.0,2026-08-23T15:00:08.299810+00:00
2026-08-21T07:39:38.119521+00:00,2026-08-21T07:37:27.215073+00:00,3.0.0,UFC 330: Makhachev vs. Machado Garry,2026-08-15,Neil Magny,Ramiz Brahimaj,0.6035,0.3711,0.4162470627727425,2.35,1.6756756756756757,Ramiz Brahimaj,1.6756756756756757,False,1.0,2026-08-23T15:00:08.299810+00:00
2026-08-21T07:39:38.119521+00:00,2026-08-21T07:37:21.306855+00:00,3.0.0,UFC 330: Makhachev vs. Machado Garry,2026-08-15,Mackenzie Dern,Gillian Robertson,0.4351,0.6525,0.6641947670351196,1.5319148936170213,3.03,Gillian Robertson,3.03,False,1.0,2026-08-23T15:00:08.299810+00:00
2026-08-21T07:39:38.119521+00:00,2026-08-21T07:37:25.397721+00:00,3.0.0,UFC 330: Makhachev vs. Machado Garry,2026-08-15,Donte Johnson,Eric McConico,0.5768,0.7754,0.7452229299363058,1.3333333333333333,3.9,Donte Johnson,1.3333333333333333,False,1.0,2026-08-23T15:00:08.299810+00:00
2026-08-21T07:39:38.119521+00:00,2026-08-21T07:37:26.030061+00:00,3.0.0,UFC 330: Makhachev vs. Machado Garry,2026-08-15,Vicente Luque,Tresean Gore,0.665,0.4589,0.4943946188340807,1.9523809523809523,1.9090909090909087,Tresean Gore,1.9090909090909087,False,0.0,2026-08-23T15:00:08.299810+00:00
2026-08-21T07:39:38.119521+00:00,2026-08-21T07:37:21.909634+00:00,3.0.0,UFC 330: Makhachev vs. Machado Garry,2026-08-15,Jalin Turner,Kaue Fernandes,0.572,0.4955,0.5187068652379223,1.8928571428571428,2.04,Kaue Fernandes,2.04,False,1.0,2026-08-23T15:00:08.299810+00:00
2026-08-21T07:39:38.119521+00:00,2026-08-21T07:37:27.787239+00:00,3.0.0,UFC 330: Makhachev vs. Machado Garry,2026-08-15,Jeremiah Wells,Myktybek Orolbai,0.2357,0.073,0.0948275862068965,10.5,1.1,Myktybek Orolbai,1.1,False,1.0,2026-08-23T15:00:08.299810+00:00
2026-08-21T07:39:38.119521+00:00,2026-08-21T07:37:26.593229+00:00,3.0.0,UFC 330: Makhachev vs. Machado Garry,2026-08-15,Rafael Tobias,Lucas Fernando,0.4311,0.2902,0.2803738317757009,3.5,1.3636363636363638,Rafael Tobias,3.5,False,0.0,2026-08-23T15:00:08.299810+00:00
2026-08-21T07:39:38.119521+00:00,2026-08-21T07:37:23.089472+00:00,3.0.0,UFC 330: Makhachev vs. Machado Garry,2026-08-15,Edson Barboza,Esteban Ribovics,0.2924,0.1223,0.1486438481490963,6.61,1.1540832049306626,Esteban Ribovics,1.1540832049306626,False,0.0,2026-08-23T15:00:08.299810+00:00
2026-08-21T07:39:38.119521+00:00,2026-08-21T07:37:22.476739+00:00,3.0.0,UFC 330: Makhachev vs. Machado Garry,2026-08-15,Mansur Abdul-Malik,Dustin Stoltzfus,0.6658,0.8692,0.8492199295420231,1.1540832049306626,6.5,Mansur Abdul-Malik,1.1540832049306626,False,0.0,2026-08-23T15:00:08.299810+00:00
2026-08-21T07:39:38.119521+00:00,2026-08-21T07:37:23.683795+00:00,3.0.0,UFC 330: Makhachev vs. Machado Garry,2026-08-15,Chidi Njokuani,Joel Alvarez,0.2314,0.2409,0.2453257790368271,4.0,1.3003003003003002,Joel Alvarez,1.3003003003003002,False,1.0,2026-08-23T15:00:08.299810+00:00
2026-08-21T07:39:38.119521+00:00,2026-08-21T07:37:20.723266+00:00,3.0.0,UFC 330: Makhachev vs. Machado Garry,2026-08-15,Islam Makhachev,Ian Machado Garry,0.5511,0.7495,0.7446555819477435,1.303030303030303,3.8,Islam Makhachev,1.303030303030303,False,1.0,2026-08-23T15:00:08.299810+00:00
2026-08-23T07:30:26.437750+00:00,2026-08-23T07:28:14.666185+00:00,3.0.0,UFC 330: Makhachev vs. Machado Garry,2026-08-15,Neil Magny,Ramiz Brahimaj,0.6035,0.3711,0.4162470627727425,2.35,1.6756756756756757,Ramiz Brahimaj,1.6756756756756757,False,1.0,2026-08-23T15:00:08.299810+00:00
2026-08-23T07:30:26.437750+00:00,2026-08-23T07:28:07.518123+00:00,3.0.0,UFC 330: Makhachev vs. Machado Garry,2026-08-15,Mackenzie Dern,Gillian Robertson,0.4351,0.6525,0.6641947670351196,1.5319148936170213,3.03,Gillian Robertson,3.03,False,1.0,2026-08-23T15:00:08.299810+00:00
2026-08-23T07:30:26.437750+00:00,2026-08-23T07:28:12.420582+00:00,3.0.0,UFC 330: Makhachev vs. Machado Garry,2026-08-15,Donte Johnson,Eric McConico,0.5768,0.7754,0.7452229299363058,1.3333333333333333,3.9,Donte Johnson,1.3333333333333333,False,1.0,2026-08-23T15:00:08.299810+00:00
2026-08-23T07:30:26.437750+00:00,2026-08-23T07:28:13.224307+00:00,3.0.0,UFC 330: Makhachev vs. Machado Garry,2026-08-15,Vicente Luque,Tresean Gore,0.665,0.4589,0.4943946188340807,1.9523809523809523,1.9090909090909087,Tresean Gore,1.9090909090909087,False,0.0,2026-08-23T15:00:08.299810+00:00
2026-08-23T07:30:26.437750+00:00,2026-08-23T07:28:08.190811+00:00,3.0.0,UFC 330: Makhachev vs. Machado Garry,2026-08-15,Jalin Turner,Kaue Fernandes,0.572,0.4955,0.5187068652379223,1.8928571428571428,2.04,Kaue Fernandes,2.04,False,1.0,2026-08-23T15:00:08.299810+00:00
2026-08-23T07:30:26.437750+00:00,2026-08-23T07:28:15.326685+00:00,3.0.0,UFC 330: Makhachev vs. Machado Garry,2026-08-15,Jeremiah Wells,Myktybek Orolbai,0.2357,0.073,0.0948275862068965,10.5,1.1,Myktybek Orolbai,1.1,False,1.0,2026-08-23T15:00:08.299810+00:00
2026-08-23T07:30:26.437750+00:00,2026-08-23T07:28:13.886258+00:00,3.0.0,UFC 330: Makhachev vs. Machado Garry,2026-08-15,Rafael Tobias,Lucas Fernando,0.4311,0.2902,0.2803738317757009,3.5,1.3636363636363638,Rafael Tobias,3.5,False,0.0,2026-08-23T15:00:08.299810+00:00
2026-08-23T07:30:26.437750+00:00,2026-08-23T07:28:09.634350+00:00,3.0.0,UFC 330: Makhachev vs. Machado Garry,2026-08-15,Edson Barboza,Esteban Ribovics,0.2924,0.1223,0.1486438481490963,6.61,1.1540832049306626,Esteban Ribovics,1.1540832049306626,False,0.0,2026-08-23T15:00:08.299810+00:00
2026-08-23T07:30:26.437750+00:00,2026-08-23T07:28:08.854011+00:00,3.0.0,UFC 330: Makhachev vs. Machado Garry,2026-08-15,Mansur Abdul-Malik,Dustin Stoltzfus,0.6658,0.8692,0.8492199295420231,1.1540832049306626,6.5,Mansur Abdul-Malik,1.1540832049306626,False,0.0,2026-08-23T15:00:08.299810+00:00
2026-08-23T07:30:26.437750+00:00,2026-08-23T07:28:10.337208+00:00,3.0.0,UFC 330: Makhachev vs. Machado Garry,2026-08-15,Chidi Njokuani,Joel Alvarez,0.2314,0.2409,0.2453257790368271,4.0,1.3003003003003002,Joel Alvarez,1.3003003003003002,False,1.0,2026-08-23T15:00:08.299810+00:00
2026-08-23T07:30:26.437750+00:00,2026-08-23T07:28:06.822342+00:00,3.0.0,UFC 330: Makhachev vs. Machado Garry,2026-08-15,Islam Makhachev,Ian Machado Garry,0.5511,0.7495,0.7446555819477435,1.303030303030303,3.8,Islam Makhachev,1.303030303030303,False,1.0,2026-08-23T15:00:08.299810+00:00
2026-08-23T15:00:27.403748+00:00,2026-08-23T14:55:42.317678+00:00,3.0.0,UFC Fight Night: Nurmagomedov vs. Song,2026-08-29,Yan Xiaonan,Denise Gomes,0.3332,0.5377,0.5798319327731092,1.7246376811594204,2.38,Denise Gomes,2.38,False,0.0,2026-08-29T12:57:21.439250+00:00
2026-08-23T15:00:27.403748+00:00,2026-08-23T14:55:50.618373+00:00,3.0.0,UFC Fight Night: Nurmagomedov vs. Song,2026-08-29,Jack Jenkins,Sean Woodson,0.4063,0.451,0.4214819850441876,2.3,1.6756756756756757,Jack Jenkins,2.3,False,0.0,2026-08-29T12:57:21.439250+00:00
2026-08-23T15:00:27.403748+00:00,2026-08-23T14:55:49.767397+00:00,3.0.0,UFC Fight Night: Nurmagomedov vs. Song,2026-08-29,Rei Tsuruya,Kevin Borjas,0.6769,0.8674,0.829468567299481,1.1821493624772312,5.75,Rei Tsuruya,1.1821493624772312,False,1.0,2026-08-29T12:57:21.439250+00:00
2026-08-23T15:00:27.403748+00:00,2026-08-23T14:55:53.970153+00:00,3.0.0,UFC Fight Night: Nurmagomedov vs. Song,2026-08-29,Ding Meng,Cameron Nelson,0.4632,0.5354,0.5238095238095238,1.9090909090909087,2.1,Ding Meng,1.9090909090909087,False,,
2026-08-23T15:00:27.403748+00:00,2026-08-23T14:55:47.854955+00:00,3.0.0,UFC Fight Night: Nurmagomedov vs. Song,2026-08-29,Bilal Hasan,Nilson Rojas,0.5,0.8502,0.8333333333333334,1.2,6.0,Bilal Hasan,1.2,False,1.0,2026-08-29T12:57:21.439250+00:00
2026-08-23T15:00:27.403748+00:00,2026-08-23T14:55:41.449529+00:00,3.0.0,UFC Fight Night: Nurmagomedov vs. Song,2026-08-29,Umar Nurmagomedov,Song Yadong,0.5692,0.8277,0.8038869257950529,1.21978021978022,5.0,Umar Nurmagomedov,1.21978021978022,False,0.0,2026-08-29T12:57:21.439250+00:00
2026-08-23T15:00:27.403748+00:00,2026-08-23T14:55:43.382274+00:00,3.0.0,UFC Fight Night: Nurmagomedov vs. Song,2026-08-29,Aoriqileng,Kai Asakura,0.4368,0.1958,0.217391304347826,4.5,1.25,Kai Asakura,1.25,False,0.0,2026-08-29T12:57:21.439250+00:00
2026-08-23T15:00:27.403748+00:00,2026-08-23T14:55:53.124082+00:00,3.0.0,UFC Fight Night: Nurmagomedov vs. Song,2026-08-29,Xiong Jingnan,Julia Polastri,0.3019,0.3118,0.3193612774451098,3.1,1.4545454545454546,Julia Polastri,1.4545454545454546,False,0.0,2026-08-29T12:57:21.439250+00:00
2026-08-23T15:00:27.403748+00:00,2026-08-23T14:55:48.907504+00:00,3.0.0,UFC Fight Night: Nurmagomedov vs. Song,2026-08-29,Namsrai Batbayar,Andre Lima,0.4246,0.3213,0.3178484107579462,3.1,1.4444444444444444,Namsrai Batbayar,3.1,False,0.0,2026-08-29T12:57:21.439250+00:00
2026-08-23T15:00:27.403748+00:00,2026-08-23T14:55:51.453435+00:00,3.0.0,UFC Fight Night: Nurmagomedov vs. Song,2026-08-29,Xiao Long,Francesco Nuzzi,0.5149,0.6307,0.6187175043327556,1.5714285714285714,2.55,Xiao Long,1.5714285714285714,False,0.0,2026-08-29T12:57:21.439250+00:00
2026-08-23T15:00:27.403748+00:00,2026-08-23T14:55:52.283368+00:00,3.0.0,UFC Fight Night: Nurmagomedov vs. Song,2026-08-29,Lawrence Lui,Hector Santiago,0.6153,0.7325,0.7297297297297298,1.3333333333333333,3.6,Lawrence Lui,1.3333333333333333,False,0.0,2026-08-29T12:57:21.439250+00:00
2026-08-25T07:41:24.611215+00:00,2026-08-25T07:39:01.886027+00:00,3.0.0,UFC Fight Night: Nurmagomedov vs. Song,2026-08-29,Yan Xiaonan,Denise Gomes,0.342,0.5432,0.5854957201590618,1.6849315068493151,2.38,Denise Gomes,2.38,False,0.0,2026-08-29T12:57:21.439250+00:00
2026-08-25T07:41:24.611215+00:00,2026-08-25T07:39:08.355984+00:00,3.0.0,UFC Fight Night: Nurmagomedov vs. Song,2026-08-29,Jack Jenkins,Sean Woodson,0.4116,0.4598,0.4299179738091811,2.28,1.7194244604316546,Jack Jenkins,2.28,False,0.0,2026-08-29T12:57:21.439250+00:00
2026-08-25T07:41:24.611215+00:00,2026-08-25T07:39:07.684286+00:00,3.0.0,UFC Fight Night: Nurmagomedov vs. Song,2026-08-29,Rei Tsuruya,Kevin Borjas,0.6738,0.8704,0.8328404842939239,1.1540832049306626,5.75,Rei Tsuruya,1.1540832049306626,False,1.0,2026-08-29T12:57:21.439250+00:00
2026-08-25T07:41:24.611215+00:00,2026-08-25T07:39:11.094433+00:00,3.0.0,UFC Fight Night: Nurmagomedov vs. Song,2026-08-29,Ding Meng,Cameron Nelson,0.4588,0.5826,0.5675675675675675,1.7142857142857144,2.25,Ding Meng,1.7142857142857144,False,,
2026-08-25T07:41:24.611215+00:00,2026-08-25T07:39:01.222081+00:00,3.0.0,UFC Fight Night: Nurmagomedov vs. Song,2026-08-29,Umar Nurmagomedov,Song Yadong,0.567,0.8303,0.8064516129032258,1.2,5.0,Umar Nurmagomedov,1.2,False,0.0,2026-08-29T12:57:21.439250+00:00
2026-08-25T07:41:24.611215+00:00,2026-08-25T07:39:02.686151+00:00,3.0.0,UFC Fight Night: Nurmagomedov vs. Song,2026-08-29,Aoriqileng,Kai Asakura,0.4328,0.1936,0.2150101419878295,4.5,1.2325581395348837,Kai Asakura,1.2325581395348837,False,0.0,2026-08-29T12:57:21.439250+00:00
2026-08-25T07:41:24.611215+00:00,2026-08-25T07:39:09.723601+00:00,3.0.0,UFC Fight Night: Nurmagomedov vs. Song,2026-08-29,Lawrence Lui,Hector Santiago,0.6148,0.7195,0.7176015473887813,1.3773584905660377,3.5,Lawrence Lui,1.3773584905660377,False,0.0,2026-08-29T12:57:21.439250+00:00
2026-08-25T07:41:24.611215+00:00,2026-08-25T07:39:06.214505+00:00,3.0.0,UFC Fight Night: Nurmagomedov vs. Song,2026-08-29,Bilal Hasan,Nilson Rojas,0.5,0.8566,0.8398015164315733,1.1540832049306626,6.05,Bilal Hasan,1.1540832049306626,False,1.0,2026-08-29T12:57:21.439250+00:00
2026-08-25T07:41:24.611215+00:00,2026-08-25T07:39:09.056814+00:00,3.0.0,UFC Fight Night: Nurmagomedov vs. Song,2026-08-29,Xiao Long,Francesco Nuzzi,0.5128,0.6289,0.6168582375478928,1.5714285714285714,2.53,Xiao Long,1.5714285714285714,False,0.0,2026-08-29T12:57:21.439250+00:00
2026-08-25T07:41:24.611215+00:00,2026-08-25T07:39:10.387803+00:00,3.0.0,UFC Fight Night: Nurmagomedov vs. Song,2026-08-29,Xiong Jingnan,Julia Polastri,0.3005,0.3161,0.3232421875,3.0,1.432900432900433,Julia Polastri,1.432900432900433,False,0.0,2026-08-29T12:57:21.439250+00:00
2026-08-25T07:41:24.611215+00:00,2026-08-25T07:39:07.012675+00:00,3.0.0,UFC Fight Night: Nurmagomedov vs. Song,2026-08-29,Namsrai Batbayar,Andre Lima,0.4271,0.3131,0.3104212860310421,3.11,1.4,Namsrai Batbayar,3.11,False,0.0,2026-08-29T12:57:21.439250+00:00
2026-08-27T18:03:50.799619+00:00,2026-08-27T18:01:56.508446+00:00,3.0.0,UFC Fight Night: Nurmagomedov vs. Song,2026-08-29,Yan Xiaonan,Denise Gomes,0.342,0.5262,0.5700820261908188,1.7194244604316546,2.28,Denise Gomes,2.28,False,0.0,2026-08-29T12:57:21.439250+00:00
2026-08-27T18:03:50.799619+00:00,2026-08-27T18:01:55.906521+00:00,3.0.0,UFC Fight Night: Nurmagomedov vs. Song,2026-08-29,Umar Nurmagomedov,Song Yadong,0.567,0.8841,0.8628318584070797,1.1923076923076923,7.5,Umar Nurmagomedov,1.1923076923076923,False,0.0,2026-08-29T12:57:21.439250+00:00
2026-08-27T18:03:50.799619+00:00,2026-08-27T18:02:02.312760+00:00,3.0.0,UFC Fight Night: Nurmagomedov vs. Song,2026-08-29,Jack Jenkins,Sean Woodson,0.4116,0.446,0.4172836182527931,2.34,1.6756756756756757,Jack Jenkins,2.34,False,0.0,2026-08-29T12:57:21.439250+00:00
2026-08-27T18:03:50.799619+00:00,2026-08-27T18:02:01.645556+00:00,3.0.0,UFC Fight Night: Nurmagomedov vs. Song,2026-08-29,Rei Tsuruya,Kevin Borjas,0.6738,0.8857,0.8504672897196263,1.1428571428571428,6.5,Rei Tsuruya,1.1428571428571428,False,1.0,2026-08-29T12:57:21.439250+00:00
2026-08-27T18:03:50.799619+00:00,2026-08-27T18:01:57.205926+00:00,3.0.0,UFC Fight Night: Nurmagomedov vs. Song,2026-08-29,Aoriqileng,Kai Asakura,0.4328,0.1871,0.2084912812736922,4.640000000000001,1.2222222222222223,Kai Asakura,1.2222222222222223,False,0.0,2026-08-29T12:57:21.439250+00:00
2026-08-27T18:03:50.799619+00:00,2026-08-27T18:02:02.953594+00:00,3.0.0,UFC Fight Night: Nurmagomedov vs. Song,2026-08-29,Xiao Long,Francesco Nuzzi,0.5128,0.6354,0.6229464045246431,1.5555555555555556,2.5700000000000003,Xiao Long,1.5555555555555556,False,0.0,2026-08-29T12:57:21.439250+00:00
2026-08-27T18:03:50.799619+00:00,2026-08-27T18:02:00.344002+00:00,3.0.0,UFC Fight Night: Nurmagomedov vs. Song,2026-08-29,Bilal Hasan,Nilson Rojas,0.5,0.8705,0.8540194976257195,1.12987012987013,6.61,Bilal Hasan,1.12987012987013,False,1.0,2026-08-29T12:57:21.439250+00:00
2026-08-27T18:03:50.799619+00:00,2026-08-27T18:02:04.232391+00:00,3.0.0,UFC Fight Night: Nurmagomedov vs. Song,2026-08-29,Xiong Jingnan,Julia Polastri,0.3005,0.3164,0.3235294117647059,3.0,1.434782608695652,Julia Polastri,1.434782608695652,False,0.0,2026-08-29T12:57:21.439250+00:00
2026-08-27T18:03:50.799619+00:00,2026-08-27T18:02:01.046935+00:00,3.0.0,UFC Fight Night: Nurmagomedov vs. Song,2026-08-29,Namsrai Batbayar,Andre Lima,0.4271,0.2992,0.2976554536187564,3.25,1.3773584905660377,Namsrai Batbayar,3.25,False,0.0,2026-08-29T12:57:21.439250+00:00
2026-08-27T18:03:50.799619+00:00,2026-08-27T18:02:03.594145+00:00,3.0.0,UFC Fight Night: Nurmagomedov vs. Song,2026-08-29,Lawrence Lui,Hector Santiago,0.6148,0.7087,0.7076023391812865,1.3636363636363638,3.3,Lawrence Lui,1.3636363636363638,False,0.0,2026-08-29T12:57:21.439250+00:00
2026-08-29T12:57:25.455821+00:00,2026-08-29T12:55:55.759059+00:00,3.0.0,UFC Fight Night: Hooker vs. Parnasse,2026-09-05,Michael Page,Nursulton Ruziboev,0.5416,0.549,0.6117084826762246,1.625,2.56,Nursulton Ruziboev,2.56,False,,
2026-08-29T12:57:25.455821+00:00,2026-08-29T12:55:59.421773+00:00,3.0.0,UFC Fight Night: Hooker vs. Parnasse,2026-09-05,Oumar Sy,Modestas Bukauskas,0.509,0.6693,0.6256295617980555,1.5617977528089888,2.6100000000000003,Oumar Sy,1.5617977528089888,False,,
2026-08-29T12:57:25.455821+00:00,2026-08-29T12:55:54.525544+00:00,3.0.0,UFC Fight Night: Hooker vs. Parnasse,2026-09-05,Dan Hooker,Salahdine Parnasse,0.6948,0.1691,0.2063789868667917,4.7,1.2222222222222223,Salahdine Parnasse,1.2222222222222223,False,,
2026-08-29T12:57:25.455821+00:00,2026-08-29T12:56:01.850701+00:00,3.0.0,UFC Fight Night: Hooker vs. Parnasse,2026-09-05,Matthieu Duclos,Luis Felipe Dias,0.3938,0.5494,0.5319879776728209,1.847457627118644,2.1,Matthieu Duclos,1.847457627118644,False,,
2026-08-29T12:57:25.455821+00:00,2026-08-29T12:55:58.840598+00:00,3.0.0,UFC Fight Night: Hooker vs. Parnasse,2026-09-05,Kurtis Campbell,Trevor Peek,0.5592,0.7794,0.7399555582247312,1.3003003003003002,3.7,Kurtis Campbell,1.3003003003003002,False,,
2026-08-29T12:57:25.455821+00:00,2026-08-29T12:55:58.268921+00:00,3.0.0,UFC Fight Night: Hooker vs. Parnasse,2026-09-05,Mario Pinto,Ryan Spann,0.6207,0.7078,0.685002350728726,1.425531914893617,3.1,Mario Pinto,1.425531914893617,False,,
2026-08-29T12:57:25.455821+00:00,2026-08-29T12:56:02.562280+00:00,3.0.0,UFC Fight Night: Hooker vs. Parnasse,2026-09-05,Delphine Benouaich,Sofia Montenegro,0.5,0.6117,0.6039421571336465,1.6329113924050631,2.49,Delphine Benouaich,1.6329113924050631,False,,
2026-08-29T12:57:25.455821+00:00,2026-08-29T12:55:55.106040+00:00,3.0.0,UFC Fight Night: Hooker vs. Parnasse,2026-09-05,Fares Ziam,Axel Sola,0.6744,0.5739,0.5779130916136175,1.6944444444444444,2.3200000000000003,Axel Sola,2.3200000000000003,False,,
2026-08-29T12:57:25.455821+00:00,2026-08-29T12:56:00.592098+00:00,3.0.0,UFC Fight Night: Hooker vs. Parnasse,2026-09-05,Michael Aljarouj,Fabia Sintes,0.5,0.58,0.574393246570524,1.704225352112676,2.3,Michael Aljarouj,1.704225352112676,False,,
2026-08-29T12:57:25.455821+00:00,2026-08-29T12:56:00.013854+00:00,3.0.0,UFC Fight Night: Hooker vs. Parnasse,2026-09-05,Nathaniel Wood,Mairon Santos,0.3686,0.4344,0.4563894523326571,2.08,1.7462686567164178,Mairon Santos,1.7462686567164178,False,,
2026-08-29T12:57:25.455821+00:00,2026-08-29T12:55:57.695058+00:00,3.0.0,UFC Fight Night: Hooker vs. Parnasse,2026-09-05,Losene Keita,Muhammad Naimov,0.3424,0.7233,0.7050727487219818,1.3636363636363638,3.26,Losene Keita,1.3636363636363638,False,,
2026-08-29T12:57:25.455821+00:00,2026-08-29T12:55:56.337455+00:00,3.0.0,UFC Fight Night: Hooker vs. Parnasse,2026-09-05,Daniil Donchenko,Punahele Soriano,0.5758,0.6523,0.658887866154096,1.4651162790697674,2.83,Punahele Soriano,2.83,False,,
2026-08-29T12:57:25.455821+00:00,2026-08-29T12:55:56.925920+00:00,3.0.0,UFC Fight Night: Hooker vs. Parnasse,2026-09-05,Morgan Charriere,Felipe Lima,0.3864,0.3554,0.3654694391934467,2.65,1.526315789473684,Felipe Lima,1.526315789473684,False,,
2026-08-29T12:57:25.455821+00:00,2026-08-29T12:56:01.255310+00:00,3.0.0,UFC Fight Night: Hooker vs. Parnasse,2026-09-05,Nora Cornolle,Klaudia Sygula,0.3327,0.5428,0.5384615384615385,1.8,2.1,Nora Cornolle,1.8,False,,
2026-08-31T14:45:59.495526+00:00,2026-08-31T14:43:39.301704+00:00,3.0.0,UFC Fight Night: Hooker vs. Parnasse,2026-09-05,Michael Page,Nursulton Ruziboev,0.5416,0.5657,0.6265670845558816,1.5555555555555556,2.6100000000000003,Nursulton Ruziboev,2.6100000000000003,False,,
2026-08-31T14:45:59.495526+00:00,2026-08-31T14:43:43.485957+00:00,3.0.0,UFC Fight Night: Hooker vs. Parnasse,2026-09-05,Oumar Sy,Modestas Bukauskas,0.509,0.6878,0.6438993026361343,1.5319148936170213,2.77,Oumar Sy,1.5319148936170213,False,,
2026-08-31T14:45:59.495526+00:00,2026-08-31T14:43:37.883629+00:00,3.0.0,UFC Fight Night: Hooker vs. Parnasse,2026-09-05,Dan Hooker,Salahdine Parnasse,0.6948,0.1514,0.1871066507909508,5.31,1.2222222222222223,Salahdine Parnasse,1.2222222222222223,False,,
2026-08-31T14:45:59.495526+00:00,2026-08-31T14:43:41.395169+00:00,3.0.0,UFC Fight Night: Hooker vs. Parnasse,2026-09-05,Losene Keita,Muhammad Naimov,0.3424,0.7597,0.7404395224087212,1.3636363636363638,3.89,Losene Keita,1.3636363636363638,False,,
2026-08-31T14:45:59.495526+00:00,2026-08-31T14:43:47.108057+00:00,3.0.0,UFC Fight Night: Hooker vs. Parnasse,2026-09-05,Matthieu Duclos,Luis Felipe Dias,0.3938,0.5282,0.5121951219512195,1.9523809523809523,2.05,Matthieu Duclos,1.9523809523809523,False,,
2026-08-31T14:45:59.495526+00:00,2026-08-31T14:43:42.756708+00:00,3.0.0,UFC Fight Night: Hooker vs. Parnasse,2026-09-05,Kurtis Campbell,Trevor Peek,0.5592,0.7833,0.7440505042145956,1.3003003003003002,3.78,Kurtis Campbell,1.3003003003003002,False,,
2026-08-31T14:45:59.495526+00:00,2026-08-31T14:43:39.988871+00:00,3.0.0,UFC Fight Night: Hooker vs. Parnasse,2026-09-05,Daniil Donchenko,Punahele Soriano,0.5758,0.6719,0.6769396441208144,1.4651162790697674,3.07,Punahele Soriano,3.07,False,,
2026-08-31T14:45:59.495526+00:00,2026-08-31T14:43:45.588424+00:00,3.0.0,UFC Fight Night: Hooker vs. Parnasse,2026-09-05,Michael Aljarouj,Fabia Sintes,0.5,0.5728,0.5676377806643162,1.7518796992481205,2.3,Michael Aljarouj,1.7518796992481205,False,,
2026-08-31T14:45:59.495526+00:00,2026-08-31T14:43:42.077410+00:00,3.0.0,UFC Fight Night: Hooker vs. Parnasse,2026-09-05,Mario Pinto,Ryan Spann,0.6207,0.7236,0.7004021997865879,1.3773584905660377,3.22,Mario Pinto,1.3773584905660377,False,,
2026-08-31T14:45:59.495526+00:00,2026-08-31T14:43:47.927506+00:00,3.0.0,UFC Fight Night: Hooker vs. Parnasse,2026-09-05,Delphine Benouaich,Sofia Montenegro,0.5,0.5785,0.5729537366548043,1.7142857142857144,2.3,Delphine Benouaich,1.7142857142857144,False,,
2026-08-31T14:45:59.495526+00:00,2026-08-31T14:43:40.703378+00:00,3.0.0,UFC Fight Night: Hooker vs. Parnasse,2026-09-05,Morgan Charriere,Felipe Lima,0.3864,0.3504,0.3607288955001859,2.7,1.5235602094240837,Felipe Lima,1.5235602094240837,False,,
2026-08-31T14:45:59.495526+00:00,2026-08-31T14:43:46.432580+00:00,3.0.0,UFC Fight Night: Hooker vs. Parnasse,2026-09-05,Nora Cornolle,Klaudia Sygula,0.3327,0.5333,0.5296046953219403,1.847457627118644,2.08,Nora Cornolle,1.847457627118644,False,,
2026-08-31T14:45:59.495526+00:00,2026-08-31T14:43:38.582771+00:00,3.0.0,UFC Fight Night: Hooker vs. Parnasse,2026-09-05,Fares Ziam,Axel Sola,0.6744,0.585,0.5882115462252726,1.6451612903225803,2.35,Axel Sola,2.35,False,,
2026-09-02T11:55:49.806185+00:00,2026-09-02T11:54:21.108503+00:00,3.0.0,UFC Fight Night: Hooker vs. Parnasse,2026-09-05,Michael Page,Nursulton Ruziboev,0.5416,0.542,0.6054836252856054,1.6289308176100628,2.5,Nursulton Ruziboev,2.5,False,,
2026-09-02T11:55:49.806185+00:00,2026-09-02T11:54:24.789357+00:00,3.0.0,UFC Fight Night: Hooker vs. Parnasse,2026-09-05,Oumar Sy,Modestas Bukauskas,0.509,0.6895,0.6455471865307931,1.5319148936170213,2.79,Oumar Sy,1.5319148936170213,False,,
2026-09-02T11:55:49.806185+00:00,2026-09-02T11:54:19.855539+00:00,3.0.0,UFC Fight Night: Hooker vs. Parnasse,2026-09-05,Dan Hooker,Salahdine Parnasse,0.6948,0.1262,0.15905888119600514,6.25,1.1821493624772312,Salahdine Parnasse,1.1821493624772312,False,,
2026-09-02T11:55:49.806185+00:00,2026-09-02T11:54:22.288635+00:00,3.0.0,UFC Fight Night: Hooker vs. Parnasse,2026-09-05,Kurtis Campbell,Trevor Peek,0.5592,0.7935,0.7546742209631727,1.3003003003003002,4.0,Kurtis Campbell,1.3003003003003002,False,,
2026-09-02T11:55:49.806185+00:00,2026-09-02T11:54:27.676753+00:00,3.0.0,UFC Fight Night: Hooker vs. Parnasse,2026-09-05,Matthieu Duclos,Luis Felipe Dias,0.3938,0.5342,0.5177956371986222,1.9090909090909092,2.05,Matthieu Duclos,1.9090909090909092,False,,
2026-09-02T11:55:49.806185+00:00,2026-09-02T11:54:22.860521+00:00,3.0.0,UFC Fight Night: Hooker vs. Parnasse,2026-09-05,Losene Keita,Muhammad Naimov,0.3424,0.7694,0.7499566899578448,1.3003003003003002,3.9,Losene Keita,1.3003003003003002,False,,
2026-09-02T11:55:49.806185+00:00,2026-09-02T11:54:24.203056+00:00,3.0.0,UFC Fight Night: Hooker vs. Parnasse,2026-09-05,Mario Pinto,Ryan Spann,0.6207,0.7287,0.7053201656578528,1.3703703703703702,3.28,Mario Pinto,1.3703703703703702,False,,
2026-09-02T11:55:49.806185+00:00,2026-09-02T11:54:26.483690+00:00,3.0.0,UFC Fight Night: Hooker vs. Parnasse,2026-09-05,Michael Aljarouj,Fabia Sintes,0.5,0.5538,0.55,1.8,2.2,Michael Aljarouj,1.8,False,,
2026-09-02T11:55:49.806185+00:00,2026-09-02T11:54:23.533747+00:00,3.0.0,UFC Fight Night: Hooker vs. Parnasse,2026-09-05,Morgan Charriere,Felipe Lima,0.3864,0.362,0.37164852667905496,2.63,1.5555555555555556,Felipe Lima,1.5555555555555556,False,,
2026-09-02T11:55:49.806185+00:00,2026-09-02T11:54:28.320072+00:00,3.0.0,UFC Fight Night: Hooker vs. Parnasse,2026-09-05,Delphine Benouaich,Sofia Montenegro,0.5,0.5808,0.5751005420528064,1.6993006993006992,2.3,Delphine Benouaich,1.6993006993006992,False,,
2026-09-02T11:55:49.806185+00:00,2026-09-02T11:54:21.704909+00:00,3.0.0,UFC Fight Night: Hooker vs. Parnasse,2026-09-05,Daniil Donchenko,Punahele Soriano,0.5758,0.6919,0.695409320998429,1.4016064257028114,3.2,Punahele Soriano,3.2,False,,
2026-09-02T11:55:49.806185+00:00,2026-09-02T11:54:20.436049+00:00,3.0.0,UFC Fight Night: Hooker vs. Parnasse,2026-09-05,Fares Ziam,Axel Sola,0.6744,0.5715,0.5757180156657964,1.6802721088435373,2.2800000000000002,Axel Sola,2.2800000000000002,False,,
2026-09-02T11:55:49.806185+00:00,2026-09-02T11:54:27.123171+00:00,3.0.0,UFC Fight Night: Hooker vs. Parnasse,2026-09-05,Nora Cornolle,Klaudia Sygula,0.3327,0.5327,0.5291095890410958,1.8333333333333335,2.06,Nora Cornolle,1.8333333333333335,False,,
